Reporting Date,GIC Code,Premium CFs (Unlinked)(Current Service),Premium CFs (Unlinked)(Future Service),Acquisition Expense CFs (Unlinked)(Current Service),Acquisition Expense CFs (Unlinked)(Future Service),Investment Component CFs (Unlinked),Claim and Other Expense CFs (Unlinked)(Incurred in Current Reporting Period),Claim and Other Expense CFs (Unlinked)(Incurred in Future Reporting Periods),Premium CFs (Linked)(Current Service),Premium CFs (Linked)(Future Service),Acquisition Expense CFs (Linked)(Current Service),Acquisition Expense CFs (Linked)(Future Service),Investment Component CFs (Linked),Claim and Other Expense CFs (Linked)(Incurred in Current Reporting Period),Claim and Other Expense CFs (Linked)(Incurred in Future Reporting Periods),Delay (in Years)
6/30/2017,BLL_1711,0,0,0,0,0,0,0,0,0,0,0,0,0,0,0.083333333
6/30/2017,BLL_1711,0,0,0,0,0,0,0,0,0,0,0,0,0,0,0.166666667
6/30/2017,BLL_1711,0,0,0,0,0,0,0,0,0,0,0,0,0,0,0.25
6/30/2017,BLL_1711,0,0,0,0,0,0,0,0,0,0,0,0,0,0,0.333333333
6/30/2017,BLL_1711,0,0,0,0,0,0,0,0,0,0,0,0,0,0,0.416666667
6/30/2017,BLL_1711,0,0,0,0,0,0,0,0,0,0,0,0,0,0,0.5
6/30/2017,BLL_1711,0,0,0,0,0,0,0,0,0,0,0,0,0,0,0.583333333
6/30/2017,BLL_1711,0,0,0,0,0,0,0,0,0,0,0,0,0,0,0.666666667
6/30/2017,BLL_1711,9436.23068,0,-287102.1143,0,0,-3462.163526,0,0,0,0,0,0,0,0,0.75
6/30/2017,BLL_1711,27721.73851,0,-603028.6598,0,0,-11434.97038,0,0,0,0,0,0,0,0,0.833333333
6/30/2017,BLL_1711,50455.06256,0,-717460.4637,0,0,-21114.2716,0,0,0,0,0,0,0,0,0.916666667
6/30/2017,BLL_1711,49011.21424,0,14884.10311,0,0,-23083.16757,0,0,0,0,0,0,0,0,1
6/30/2017,BLL_1711,0,47677.82019,0,13985.91332,0,0,-23171.08759,0,0,0,0,0,0,0,1.083333333
6/30/2017,BLL_1711,0,46475.74813,0,12754.05432,0,0,-22966.42711,0,0,0,0,0,0,0,1.166666667
6/30/2017,BLL_1711,0,45578.46472,0,9354.295114,0,0,-22716.60175,0,0,0,0,0,0,0,1.25
6/30/2017,BLL_1711,0,44892.42989,0,6265.868565,0,0,-22509.99759,0,0,0,0,0,0,0,1.333333333
6/30/2017,BLL_1711,0,44298.29968,0,4180.395673,0,0,-22339.54623,0,0,0,0,0,0,0,1.416666667
6/30/2017,BLL_1711,0,43604.95345,0,4697.755311,0,0,-22154.86596,0,0,0,0,0,0,0,1.5
6/30/2017,BLL_1711,0,43034.58045,0,3610.399615,0,0,-21983.26253,0,0,0,0,0,0,0,1.583333333
6/30/2017,BLL_1711,0,42465.1595,0,3265.839355,0,0,-21812.43072,0,0,0,0,0,0,0,1.666666667
6/30/2017,BLL_1711,0,42589.26617,0,-32583.06056,0,0,-21805.01423,0,0,0,0,0,0,0,1.75
6/30/2017,BLL_1711,0,43602.04919,0,-70151.41731,0,0,-22024.65224,0,0,0,0,0,0,0,1.833333333
6/30/2017,BLL_1711,0,45096.29663,0,-88554.31275,0,0,-22398.48082,0,0,0,0,0,0,0,1.916666667
6/30/2017,BLL_1711,0,44553.27895,0,3868.219334,0,0,-22434.73584,0,0,0,0,0,0,0,2
6/30/2017,BLL_1711,0,44018.17206,0,3466.971017,0,0,-22330.80044,0,0,0,0,0,0,0,2.083333333
6/30/2017,BLL_1711,0,43490.80689,0,3075.448006,0,0,-22190.46661,0,0,0,0,0,0,0,2.166666667
6/30/2017,BLL_1711,0,42970.69013,0,2667.186608,0,0,-22034.75764,0,0,0,0,0,0,0,2.25
6/30/2017,BLL_1711,0,42457.60973,0,2232.409156,0,0,-21872.21998,0,0,0,0,0,0,0,2.333333333
6/30/2017,BLL_1711,0,41951.41309,0,1787.886223,0,0,-21705.58268,0,0,0,0,0,0,0,2.416666667
6/30/2017,BLL_1711,0,41451.97661,0,1413.776178,0,0,-21536.46888,0,0,0,0,0,0,0,2.5
6/30/2017,BLL_1711,0,40959.18998,0,1048.940365,0,0,-21365.75566,0,0,0,0,0,0,0,2.583333333
6/30/2017,BLL_1711,0,40472.94607,0,693.1835235,0,0,-21194.04521,0,0,0,0,0,0,0,2.666666667
6/30/2017,BLL_1711,0,40726.0521,0,-10275.31135,0,0,-21184.87108,0,0,0,0,0,0,0,2.75
6/30/2017,BLL_1711,0,41796.09042,0,-22312.36939,0,0,-21360.16395,0,0,0,0,0,0,0,2.833333333
6/30/2017,BLL_1711,0,43198.32043,0,-26914.34641,0,0,-21672.65904,0,0,0,0,0,0,0,2.916666667
6/30/2017,BLL_1711,0,42637.47255,0,920.5240679,0,0,-21663.23413,0,0,0,0,0,0,0,3
6/30/2017,BLL_1711,0,42085.03759,0,872.1226553,0,0,-21527.15843,0,0,0,0,0,0,0,3.083333333
6/30/2017,BLL_1711,0,41540.7592,0,824.873225,0,0,-21360.78327,0,0,0,0,0,0,0,3.166666667
6/30/2017,BLL_1711,0,41004.15064,0,751.4650532,0,0,-21183.44952,0,0,0,0,0,0,0,3.25
6/30/2017,BLL_1711,0,40475.0018,0,643.8758762,0,0,-21002.89036,0,0,0,0,0,0,0,3.333333333
6/30/2017,BLL_1711,0,39953.15828,0,515.3322333,0,0,-20821.25536,0,0,0,0,0,0,0,3.416666667
6/30/2017,BLL_1711,0,39438.49585,0,452.4549741,0,0,-20639.64297,0,0,0,0,0,0,0,3.5
6/30/2017,BLL_1711,0,38930.90377,0,391.1823433,0,0,-20458.55579,0,0,0,0,0,0,0,3.583333333
6/30/2017,BLL_1711,0,38430.27289,0,331.4803721,0,0,-20278.28282,0,0,0,0,0,0,0,3.666666667
6/30/2017,BLL_1711,0,38649.41544,0,-9846.816712,0,0,-20311.48082,0,0,0,0,0,0,0,3.75
6/30/2017,BLL_1711,0,39682.76011,0,-21162.23581,0,0,-20507.20901,0,0,0,0,0,0,0,3.833333333
6/30/2017,BLL_1711,0,41079.35786,0,-25472.60398,0,0,-20895.35478,0,0,0,0,0,0,0,3.916666667
6/30/2017,BLL_1711,0,40612.5637,0,756.2622021,0,0,-20922.51574,0,0,0,0,0,0,0,4
6/30/2017,BLL_1711,0,40151.80931,0,717.9614913,0,0,-20826.44711,0,0,0,0,0,0,0,4.083333333
6/30/2017,BLL_1711,0,39696.99437,0,680.4384237,0,0,-20700.41008,0,0,0,0,0,0,0,4.166666667
6/30/2017,BLL_1711,0,39247.65024,0,620.3108548,0,0,-20563.05617,0,0,0,0,0,0,0,4.25
6/30/2017,BLL_1711,0,38803.62348,0,531.7017488,0,0,-20421.9807,0,0,0,0,0,0,0,4.333333333
6/30/2017,BLL_1711,0,38364.80809,0,427.3114627,0,0,-20279.22932,0,0,0,0,0,0,0,4.416666667
6/30/2017,BLL_1711,0,37931.12623,0,375.8394701,0,0,-20136.0784,0,0,0,0,0,0,0,4.5
6/30/2017,BLL_1711,0,37502.5109,0,325.4849747,0,0,-19993.2074,0,0,0,0,0,0,0,4.583333333
6/30/2017,BLL_1711,0,37078.8967,0,276.2286735,0,0,-19850.8709,0,0,0,0,0,0,0,4.666666667
6/30/2017,BLL_1711,0,37342.77363,0,-9479.582856,0,0,-19869.35972,0,0,0,0,0,0,0,4.75
6/30/2017,BLL_1711,0,38380.28124,0,-20428.30988,0,0,-20039.08911,0,0,0,0,0,0,0,4.833333333
6/30/2017,BLL_1711,0,39745.82157,0,-24585.78858,0,0,-20361.70829,0,0,0,0,0,0,0,4.916666667
6/30/2017,BLL_1711,0,39295.52634,0,728.8863588,0,0,-20399.45612,0,0,0,0,0,0,0,5
6/30/2017,BLL_1711,0,38850.99348,0,692.0150308,0,0,-20317.46,0,0,0,0,0,0,0,5.083333333
6/30/2017,BLL_1711,0,38412.15523,0,655.8897092,0,0,-20206.19049,0,0,0,0,0,0,0,5.166666667
6/30/2017,BLL_1711,0,37978.57528,0,598.0840972,0,0,-20083.24793,0,0,0,0,0,0,0,5.25
6/30/2017,BLL_1711,0,37550.09869,0,512.6636123,0,0,-19956.27996,0,0,0,0,0,0,0,5.333333333
6/30/2017,BLL_1711,0,37126.61822,0,411.9817368,0,0,-19827.34027,0,0,0,0,0,0,0,5.416666667
6/30/2017,BLL_1711,0,36708.05806,0,362.3867565,0,0,-19697.65956,0,0,0,0,0,0,0,5.5
6/30/2017,BLL_1711,0,36294.35395,0,313.8654163,0,0,-19567.70874,0,0,0,0,0,0,0,5.583333333
6/30/2017,BLL_1711,0,35885.44346,0,266.3993033,0,0,-19437.78139,0,0,0,0,0,0,0,5.666666667
6/30/2017,BLL_1711,0,36145.43867,0,-9129.097583,0,0,-19458.42852,0,0,0,0,0,0,0,5.75
6/30/2017,BLL_1711,0,37159.18335,0,-19709.63788,0,0,-19638.47558,0,0,0,0,0,0,0,5.833333333
6/30/2017,BLL_1711,0,38493.17614,0,-23703.63275,0,0,-19965.31347,0,0,0,0,0,0,0,5.916666667
6/30/2017,BLL_1711,0,38057.89914,0,702.7618995,0,0,-20008.01353,0,0,0,0,0,0,0,6
6/30/2017,BLL_1711,0,37628.21379,0,667.2207225,0,0,-19938.1439,0,0,0,0,0,0,0,6.083333333
6/30/2017,BLL_1711,0,37203.9759,0,632.396963,0,0,-19839.88795,0,0,0,0,0,0,0,6.166666667
6/30/2017,BLL_1711,0,36784.79726,0,576.685551,0,0,-19729.99144,0,0,0,0,0,0,0,6.25
6/30/2017,BLL_1711,0,36370.52668,0,494.2926869,0,0,-19615.81338,0,0,0,0,0,0,0,6.333333333
6/30/2017,BLL_1711,0,35961.06169,0,397.2587817,0,0,-19499.29244,0,0,0,0,0,0,0,6.416666667
6/30/2017,BLL_1711,0,35556.32949,0,349.4404105,0,0,-19381.56808,0,0,0,0,0,0,0,6.5
6/30/2017,BLL_1711,0,35156.26848,0,302.6551138,0,0,-19263.21801,0,0,0,0,0,0,0,6.583333333
6/30/2017,BLL_1711,0,34760.81886,0,256.8852781,0,0,-19144.69167,0,0,0,0,0,0,0,6.666666667
6/30/2017,BLL_1711,0,35014.77382,0,-8781.770293,0,0,-19177.08804,0,0,0,0,0,0,0,6.75
6/30/2017,BLL_1711,0,36002.74747,0,-18990.17783,0,0,-19372.34353,0,0,0,0,0,0,0,6.833333333
6/30/2017,BLL_1711,0,37294.74708,0,-22691.24724,0,0,-19696.7617,0,0,0,0,0,0,0,6.916666667
6/30/2017,BLL_1711,0,36873.51985,0,675.3423769,0,0,-19738.54003,0,0,0,0,0,0,0,7
6/30/2017,BLL_1711,0,36457.71389,0,641.111747,0,0,-19675.8905,0,0,0,0,0,0,0,7.083333333
6/30/2017,BLL_1711,0,36047.12589,0,607.5710451,0,0,-19586.54426,0,0,0,0,0,0,0,7.166666667
6/30/2017,BLL_1711,0,35641.40786,0,553.9636723,0,0,-19486.51456,0,0,0,0,0,0,0,7.25
6/30/2017,BLL_1711,0,35240.41733,0,474.6133004,0,0,-19382.45805,0,0,0,0,0,0,0,7.333333333
6/30/2017,BLL_1711,0,34844.0595,0,381.5866366,0,0,-19276.32136,0,0,0,0,0,0,0,7.416666667
6/30/2017,BLL_1711,0,34452.26452,0,335.5865868,0,0,-19169.09094,0,0,0,0,0,0,0,7.5
6/30/2017,BLL_1711,0,34064.97456,0,290.5789406,0,0,-19061.29488,0,0,0,0,0,0,0,7.583333333
6/30/2017,BLL_1711,0,33682.13234,0,246.5468486,0,0,-18953.22947,0,0,0,0,0,0,0,7.666666667
6/30/2017,BLL_1711,0,33929.06954,0,-8425.283534,0,0,-18981.72892,0,0,0,0,0,0,0,7.75
6/30/2017,BLL_1711,0,34891.63168,0,-18260.34875,0,0,-19171.17268,0,0,0,0,0,0,0,7.833333333
6/30/2017,BLL_1711,0,36149.89648,0,-21739.93864,0,0,-19491.51715,0,0,0,0,0,0,0,7.916666667
6/30/2017,BLL_1711,0,35741.74001,0,647.7984453,0,0,-19538.89482,0,0,0,0,0,0,0,8
6/30/2017,BLL_1711,0,35338.84687,0,614.9692834,0,0,-19485.06177,0,0,0,0,0,0,0,8.083333333
6/30/2017,BLL_1711,0,34941.01934,0,582.8010606,0,0,-19405.18782,0,0,0,0,0,0,0,8.166666667
6/30/2017,BLL_1711,0,34547.90787,0,531.4046346,0,0,-19314.85075,0,0,0,0,0,0,0,8.25
6/30/2017,BLL_1711,0,34159.37033,0,455.2273903,0,0,-19220.54265,0,0,0,0,0,0,0,8.333333333
6/30/2017,BLL_1711,0,33775.31252,0,366.0227382,0,0,-19124.35332,0,0,0,0,0,0,0,8.416666667
6/30/2017,BLL_1711,0,33395.66293,0,321.8966336,0,0,-19027.2315,0,0,0,0,0,0,0,8.5
6/30/2017,BLL_1711,0,33020.36634,0,278.7215642,0,0,-18929.53773,0,0,0,0,0,0,0,8.583333333
6/30/2017,BLL_1711,0,32649.36787,0,236.4814305,0,0,-18831.54957,0,0,0,0,0,0,0,8.666666667
6/30/2017,BLL_1711,0,32888.96354,0,-8080.17638,0,0,-18866.12405,0,0,0,0,0,0,0,8.75
6/30/2017,BLL_1711,0,33828.7697,0,-17540.94687,0,0,-19061.23143,0,0,0,0,0,0,0,8.833333333
6/30/2017,BLL_1711,0,34924.59063,0,-20861.78294,0,0,-19315.05175,0,0,0,0,0,0,0,8.916666667
6/30/2017,BLL_1711,0,34530.63779,0,621.558663,0,0,-19365.42445,0,0,0,0,0,0,0,9
6/30/2017,BLL_1711,0,34141.79511,0,590.0708345,0,0,-19318.38854,0,0,0,0,0,0,0,9.083333333
6/30/2017,BLL_1711,0,33757.84384,0,559.2163468,0,0,-19246.3243,0,0,0,0,0,0,0,9.166666667
6/30/2017,BLL_1711,0,33378.41789,0,509.9350267,0,0,-19164.48146,0,0,0,0,0,0,0,9.25
6/30/2017,BLL_1711,0,33003.38839,0,436.8185731,0,0,-19078.85985,0,0,0,0,0,0,0,9.333333333
6/30/2017,BLL_1711,0,32632.66867,0,351.2243006,0,0,-18991.07159,0,0,0,0,0,0,0,9.416666667
6/30/2017,BLL_1711,0,32266.19416,0,308.8894173,0,0,-18902.20167,0,0,0,0,0,0,0,9.5
6/30/2017,BLL_1711,0,31903.9122,0,267.4663301,0,0,-18812.73936,0,0,0,0,0,0,0,9.583333333
6/30/2017,BLL_1711,0,31545.76996,0,226.9396387,0,0,-18722.9417,0,0,0,0,0,0,0,9.666666667
6/30/2017,BLL_1711,0,31779.9321,0,-7744.949939,0,0,-18763.43486,0,0,0,0,0,0,0,9.75
6/30/2017,BLL_1711,0,32698.3503,0,-16809.4509,0,0,-18956.41895,0,0,0,0,0,0,0,9.833333333
6/30/2017,BLL_1711,0,33869.46172,0,-19913.00577,0,0,-19271.90782,0,0,0,0,0,0,0,9.916666667
6/30/2017,BLL_1711,0,33487.24574,0,594.7657906,0,0,-19321.80285,0,0,0,0,0,0,0,10
6/30/2017,BLL_1711,0,33109.99975,0,564.562932,0,0,-19279.33989,0,0,0,0,0,0,0,10.08333333
6/30/2017,BLL_1711,0,32737.55105,0,534.9675518,0,0,-19213.4258,0,0,0,0,0,0,0,10.16666667
6/30/2017,BLL_1711,0,32369.48592,0,487.7258475,0,0,-19137.8367,0,0,0,0,0,0,0,10.25
6/30/2017,BLL_1711,0,32005.67627,0,417.661517,0,0,-19058.11158,0,0,0,0,0,0,0,10.33333333
6/30/2017,BLL_1711,0,31646.03933,0,335.9210542,0,0,-18976.15839,0,0,0,0,0,0,0,10.41666667
6/30/2017,BLL_1711,0,31290.51427,0,295.3705101,0,0,-18893.23645,0,0,0,0,0,0,0,10.5
6/30/2017,BLL_1711,0,30939.05021,0,255.6931931,0,0,-18809.78637,0,0,0,0,0,0,0,10.58333333
6/30/2017,BLL_1711,0,30591.59707,0,216.8743742,0,0,-18726.0355,0,0,0,0,0,0,0,10.66666667
6/30/2017,BLL_1711,0,30818.51616,0,-7406.249388,0,0,-18765.12462,0,0,0,0,0,0,0,10.75
6/30/2017,BLL_1711,0,31634.75872,0,-16091.35599,0,0,-18913.48576,0,0,0,0,0,0,0,10.83333333
6/30/2017,BLL_1711,0,32752.25523,0,-19006.70987,0,0,-19194.06743,0,0,0,0,0,0,0,10.91666667
6/30/2017,BLL_1711,0,32382.37404,0,568.1878872,0,0,-19249.70335,0,0,0,0,0,0,0,11
6/30/2017,BLL_1711,0,32017.45332,0,539.3417582,0,0,-19213.10156,0,0,0,0,0,0,0,11.08333333
6/30/2017,BLL_1711,0,31657.23857,0,511.0757181,0,0,-19154.20115,0,0,0,0,0,0,0,11.16666667
6/30/2017,BLL_1711,0,31301.26489,0,465.9574667,0,0,-19086.49412,0,0,0,0,0,0,0,11.25
6/30/2017,BLL_1711,0,30949.40223,0,398.9591957,0,0,-19015.36891,0,0,0,0,0,0,0,11.33333333
6/30/2017,BLL_1711,0,30601.57024,0,320.9040885,0,0,-18942.31863,0,0,0,0,0,0,0,11.41666667
6/30/2017,BLL_1711,0,30257.71011,0,282.1679535,0,0,-18868.21921,0,0,0,0,0,0,0,11.5
6/30/2017,BLL_1711,0,29917.77267,0,244.2660014,0,0,-18793.43818,0,0,0,0,0,0,0,11.58333333
6/30/2017,BLL_1711,0,29581.70947,0,207.1841734,0,0,-18718.17394,0,0,0,0,0,0,0,11.66666667
6/30/2017,BLL_1711,0,29802.69776,0,-7063.765996,0,0,-18762.15598,0,0,0,0,0,0,0,11.75
6/30/2017,BLL_1711,0,30671.60759,0,-15368.00837,0,0,-18962.85819,0,0,0,0,0,0,0,11.83333333
6/30/2017,BLL_1711,0,31777.11959,0,-18130.93179,0,0,-19287.42816,0,0,0,0,0,0,0,11.91666667
6/30/2017,BLL_1711,0,31417.76235,0,542.2353156,0,0,-19351.191,0,0,0,0,0,0,0,12
6/30/2017,BLL_1711,0,31063.1761,0,514.673492,0,0,-19325.48655,0,0,0,0,0,0,0,12.08333333
6/30/2017,BLL_1711,0,30713.16286,0,487.6661899,0,0,-19277.19655,0,0,0,0,0,0,0,12.16666667
6/30/2017,BLL_1711,0,30367.28836,0,444.6089455,0,0,-19220.31691,0,0,0,0,0,0,0,12.25
6/30/2017,BLL_1711,0,30025.41981,0,380.6492835,0,0,-19159.91534,0,0,0,0,0,0,0,12.33333333
6/30/2017,BLL_1711,0,29687.47659,0,306.1788673,0,0,-19097.61465,0,0,0,0,0,0,0,12.41666667
6/30/2017,BLL_1711,0,29353.39854,0,269.1939641,0,0,-19034.12762,0,0,0,0,0,0,0,12.5
6/30/2017,BLL_1711,0,29023.13808,0,233.0058531,0,0,-18969.89324,0,0,0,0,0,0,0,12.58333333
6/30/2017,BLL_1711,0,28696.64723,0,197.6011078,0,0,-18905.12917,0,0,0,0,0,0,0,12.66666667
6/30/2017,BLL_1711,0,28910.34165,0,-6705.736209,0,0,-18956.92946,0,0,0,0,0,0,0,12.75
6/30/2017,BLL_1711,0,29758.05096,0,-14644.87658,0,0,-19166.03264,0,0,0,0,0,0,0,12.83333333
6/30/2017,BLL_1711,0,30832.02034,0,-17254.95465,0,0,-19487.8543,0,0,0,0,0,0,0,12.91666667
6/30/2017,BLL_1711,0,30482.86064,0,516.0993985,0,0,-19554.06953,0,0,0,0,0,0,0,13
6/30/2017,BLL_1711,0,30138.27371,0,489.8269328,0,0,-19538.46434,0,0,0,0,0,0,0,13.08333333
6/30/2017,BLL_1711,0,29798.02959,0,464.0833649,0,0,-19501.04883,0,0,0,0,0,0,0,13.16666667
6/30/2017,BLL_1711,0,29461.82726,0,423.1362298,0,0,-19454.71766,0,0,0,0,0,0,0,13.25
6/30/2017,BLL_1711,0,29129.53919,0,362.2055505,0,0,-19404.53964,0,0,0,0,0,0,0,13.33333333
6/30/2017,BLL_1711,0,28801.07953,0,291.3489946,0,0,-19352.19074,0,0,0,0,0,0,0,13.41666667
6/30/2017,BLL_1711,0,28476.38659,0,256.1260668,0,0,-19298.36291,0,0,0,0,0,0,0,13.5
6/30/2017,BLL_1711,0,28155.41296,0,221.6623963,0,0,-19243.51588,0,0,0,0,0,0,0,13.58333333
6/30/2017,BLL_1711,0,27838.11067,0,187.9451872,0,0,-19187.87898,0,0,0,0,0,0,0,13.66666667
6/30/2017,BLL_1711,0,28043.56995,0,-6332.699472,0,0,-19244.43659,0,0,0,0,0,0,0,13.75
6/30/2017,BLL_1711,0,28870.18358,0,-13915.65182,0,0,-19458.84986,0,0,0,0,0,0,0,13.83333333
6/30/2017,BLL_1711,0,29740.35005,0,-16429.18627,0,0,-19428.50428,0,0,0,0,0,0,0,13.91666667
6/30/2017,BLL_1711,0,29402.90658,0,490.1931009,0,0,-19494.37086,0,0,0,0,0,0,0,14
6/30/2017,BLL_1711,0,29069.82591,0,465.222134,0,0,-19484.20429,0,0,0,0,0,0,0,14.08333333
6/30/2017,BLL_1711,0,28740.92847,0,440.7542639,0,0,-19452.87566,0,0,0,0,0,0,0,14.16666667
6/30/2017,BLL_1711,0,28415.93555,0,401.958778,0,0,-19412.77976,0,0,0,0,0,0,0,14.25
6/30/2017,BLL_1711,0,28094.7325,0,344.1019507,0,0,-19368.3432,0,0,0,0,0,0,0,14.33333333
6/30/2017,BLL_1711,0,27777.23562,0,276.7180146,0,0,-19320.08378,0,0,0,0,0,0,0,14.41666667
6/30/2017,BLL_1711,0,27463.3854,0,243.2550221,0,0,-19267.58306,0,0,0,0,0,0,0,14.5
6/30/2017,BLL_1711,0,27153.13709,0,210.5139117,0,0,-19212.87459,0,0,0,0,0,0,0,14.58333333
6/30/2017,BLL_1711,0,26846.4444,0,178.4825108,0,0,-19157.43401,0,0,0,0,0,0,0,14.66666667
6/30/2017,BLL_1711,0,27045.3208,0,-5958.494256,0,0,-19215.05244,0,0,0,0,0,0,0,14.75
6/30/2017,BLL_1711,0,27853.51968,0,-13199.93501,0,0,-19419.72835,0,0,0,0,0,0,0,14.83333333
6/30/2017,BLL_1711,0,28845.47061,0,-15582.56952,0,0,-19695.66035,0,0,0,0,0,0,0,14.91666667
6/30/2017,BLL_1711,0,28517.3019,0,464.3940492,0,0,-19761.25508,0,0,0,0,0,0,0,15
6/30/2017,BLL_1711,0,28193.3707,0,440.6896347,0,0,-19752.17349,0,0,0,0,0,0,0,15.08333333
6/30/2017,BLL_1711,0,27873.58669,0,417.4633161,0,0,-19723.10141,0,0,0,0,0,0,0,15.16666667
6/30/2017,BLL_1711,0,27557.64038,0,380.7790442,0,0,-19685.34762,0,0,0,0,0,0,0,15.25
6/30/2017,BLL_1711,0,27245.40188,0,325.9132356,0,0,-19643.77564,0,0,0,0,0,0,0,15.33333333
6/30/2017,BLL_1711,0,26936.78104,0,262.0874736,0,0,-19599.78554,0,0,0,0,0,0,0,15.41666667
6/30/2017,BLL_1711,0,26631.71744,0,230.3625327,0,0,-19554.15102,0,0,0,0,0,0,0,15.5
6/30/2017,BLL_1711,0,26330.16569,0,199.3226358,0,0,-19507.47654,0,0,0,0,0,0,0,15.58333333
6/30/2017,BLL_1711,0,26032.07947,0,168.9562215,0,0,-19459.97599,0,0,0,0,0,0,0,15.66666667
6/30/2017,BLL_1711,0,26231.86986,0,-5695.414251,0,0,-19518.97975,0,0,0,0,0,0,0,15.75
6/30/2017,BLL_1711,0,27022.18985,0,-12515.70967,0,0,-19737.29244,0,0,0,0,0,0,0,15.83333333
6/30/2017,BLL_1711,0,27980.6242,0,-14703.75076,0,0,-20014.38912,0,0,0,0,0,0,0,15.91666667
6/30/2017,BLL_1711,0,27661.27132,0,439.5784995,0,0,-20088.17154,0,0,0,0,0,0,0,16
6/30/2017,BLL_1711,0,27346.05576,0,417.1511245,0,0,-20088.8732,0,0,0,0,0,0,0,16.08333333
6/30/2017,BLL_1711,0,27034.97918,0,395.1765245,0,0,-20069.83523,0,0,0,0,0,0,0,16.16666667
6/30/2017,BLL_1711,0,26727.6745,0,360.3012084,0,0,-20042.16169,0,0,0,0,0,0,0,16.25
6/30/2017,BLL_1711,0,26423.99575,0,308.3151746,0,0,-20010.50896,0,0,0,0,0,0,0,16.33333333
6/30/2017,BLL_1711,0,26123.85157,0,248.0571253,0,0,-19976.27473,0,0,0,0,0,0,0,16.41666667
6/30/2017,BLL_1711,0,25827.18216,0,218.0364865,0,0,-19940.19707,0,0,0,0,0,0,0,16.5
6/30/2017,BLL_1711,0,25533.94105,0,188.6646936,0,0,-19902.89156,0,0,0,0,0,0,0,16.58333333
6/30/2017,BLL_1711,0,25244.08234,0,159.9307857,0,0,-19864.58022,0,0,0,0,0,0,0,16.66666667
6/30/2017,BLL_1711,0,25296.53465,0,-5367.365219,0,0,-19854.53653,0,0,0,0,0,0,0,16.75
6/30/2017,BLL_1711,0,26018.52058,0,-11863.38531,0,0,-19973.72846,0,0,0,0,0,0,0,16.83333333
6/30/2017,BLL_1711,0,26948.96515,0,-13842.71423,0,0,-20246.00404,0,0,0,0,0,0,0,16.91666667
6/30/2017,BLL_1711,0,26640.56982,0,414.8813695,0,0,-20321.71089,0,0,0,0,0,0,0,17
6/30/2017,BLL_1711,0,26336.24453,0,393.6617895,0,0,-20328.17786,0,0,0,0,0,0,0,17.08333333
6/30/2017,BLL_1711,0,26035.95103,0,372.8709204,0,0,-20316.02202,0,0,0,0,0,0,0,17.16666667
6/30/2017,BLL_1711,0,25739.27152,0,340.0069142,0,0,-20296.62284,0,0,0,0,0,0,0,17.25
6/30/2017,BLL_1711,0,25446.07457,0,290.799702,0,0,-20273.94593,0,0,0,0,0,0,0,17.33333333
6/30/2017,BLL_1711,0,25156.28398,0,233.9941809,0,0,-20249.1827,0,0,0,0,0,0,0,17.41666667
6/30/2017,BLL_1711,0,24869.84154,0,205.630011,0,0,-20222.78018,0,0,0,0,0,0,0,17.5
6/30/2017,BLL_1711,0,24586.70321,0,177.8795721,0,0,-20195.29622,0,0,0,0,0,0,0,17.58333333
6/30/2017,BLL_1711,0,24306.82638,0,150.7325193,0,0,-20166.92253,0,0,0,0,0,0,0,17.66666667
6/30/2017,BLL_1711,0,24478.93364,0,-5037.336387,0,0,-20238.96027,0,0,0,0,0,0,0,17.75
6/30/2017,BLL_1711,0,25224.64241,0,-11173.16843,0,0,-20469.14921,0,0,0,0,0,0,0,17.83333333
6/30/2017,BLL_1711,0,25847.36491,0,-11988.39425,0,0,-20661.8246,0,0,0,0,0,0,0,17.91666667
6/30/2017,BLL_1711,0,25551.31481,0,379.7486902,0,0,-20736.9782,0,0,0,0,0,0,0,18
6/30/2017,BLL_1711,0,25259.19405,0,359.9009476,0,0,-20749.66533,0,0,0,0,0,0,0,18.08333333
6/30/2017,BLL_1711,0,24970.88497,0,340.4559814,0,0,-20745.15787,0,0,0,0,0,0,0,18.16666667
6/30/2017,BLL_1711,0,24686.0388,0,309.6948319,0,0,-20733.82785,0,0,0,0,0,0,0,18.25
6/30/2017,BLL_1711,0,24404.53643,0,263.5558036,0,0,-20719.12175,0,0,0,0,0,0,0,18.33333333
6/30/2017,BLL_1711,0,24126.31051,0,213.0997003,0,0,-20702.15983,0,0,0,0,0,0,0,18.41666667
6/30/2017,BLL_1711,0,23851.31241,0,186.9021995,0,0,-20683.34666,0,0,0,0,0,0,0,18.5
6/30/2017,BLL_1711,0,23579.49888,0,161.2708102,0,0,-20663.2148,0,0,0,0,0,0,0,18.58333333
6/30/2017,BLL_1711,0,23310.82955,0,136.1959843,0,0,-20641.94043,0,0,0,0,0,0,0,18.66666667
6/30/2017,BLL_1711,0,23483.87452,0,-4774.491348,0,0,-20714.94195,0,0,0,0,0,0,0,18.75
6/30/2017,BLL_1711,0,24188.43535,0,-10480.68117,0,0,-20887.55662,0,0,0,0,0,0,0,18.83333333
6/30/2017,BLL_1711,0,24965.957,0,-12094.91082,0,0,-21102.98079,0,0,0,0,0,0,0,18.91666667
6/30/2017,BLL_1711,0,24679.17047,0,361.860154,0,0,-21180.48979,0,0,0,0,0,0,0,19
6/30/2017,BLL_1711,0,24396.20649,0,343.743276,0,0,-21200.60704,0,0,0,0,0,0,0,19.08333333
6/30/2017,BLL_1711,0,24116.91561,0,325.9891969,0,0,-21203.44703,0,0,0,0,0,0,0,19.16666667
6/30/2017,BLL_1711,0,23840.99642,0,297.4965404,0,0,-21199.41657,0,0,0,0,0,0,0,19.25
6/30/2017,BLL_1711,0,23568.33385,0,254.6916508,0,0,-21191.89647,0,0,0,0,0,0,0,19.33333333
6/30/2017,BLL_1711,0,23298.85842,0,204.7325515,0,0,-21181.58752,0,0,0,0,0,0,0,19.41666667
6/30/2017,BLL_1711,0,23032.52049,0,180.1904143,0,0,-21169.0782,0,0,0,0,0,0,0,19.5
6/30/2017,BLL_1711,0,22769.27798,0,156.1777378,0,0,-21154.63101,0,0,0,0,0,0,0,19.58333333
6/30/2017,BLL_1711,0,22509.09085,0,132.6856063,0,0,-21138.87518,0,0,0,0,0,0,0,19.66666667
6/30/2017,BLL_1711,0,22538.70472,0,-4482.538997,0,0,-20958.8228,0,0,0,0,0,0,0,19.75
6/30/2017,BLL_1711,0,23166.91947,0,-9797.216736,0,0,-21158.50551,0,0,0,0,0,0,0,19.83333333
6/30/2017,BLL_1711,0,23990.63316,0,-11503.63279,0,0,-21429.90571,0,0,0,0,0,0,0,19.91666667
6/30/2017,BLL_1711,0,23714.55965,0,344.0785612,0,0,-21514.9256,0,0,0,0,0,0,0,20
6/30/2017,BLL_1711,0,23442.03186,0,326.3461803,0,0,-21544.63963,0,0,0,0,0,0,0,20.08333333
6/30/2017,BLL_1711,0,23173.00471,0,308.9746016,0,0,-21556.91549,0,0,0,0,0,0,0,20.16666667
6/30/2017,BLL_1711,0,22907.24243,0,281.5709568,0,0,-21562.09375,0,0,0,0,0,0,0,20.25
6/30/2017,BLL_1711,0,22644.63521,0,240.8244904,0,0,-21563.59581,0,0,0,0,0,0,0,20.33333333
6/30/2017,BLL_1711,0,22385.10884,0,193.7827714,0,0,-21562.29058,0,0,0,0,0,0,0,20.41666667
6/30/2017,BLL_1711,0,22128.61131,0,170.1954014,0,0,-21558.85853,0,0,0,0,0,0,0,20.5
6/30/2017,BLL_1711,0,21875.10423,0,147.1213831,0,0,-21553.85896,0,0,0,0,0,0,0,20.58333333
6/30/2017,BLL_1711,0,21624.54798,0,124.5519794,0,0,-21547.51302,0,0,0,0,0,0,0,20.66666667
6/30/2017,BLL_1711,0,21776.07037,0,-4193.55961,0,0,-21635.2437,0,0,0,0,0,0,0,20.75
6/30/2017,BLL_1711,0,22377.32442,0,-9144.424155,0,0,-21689.22735,0,0,0,0,0,0,0,20.83333333
6/30/2017,BLL_1711,0,23108.06075,0,-10721.19084,0,0,-21913.97438,0,0,0,0,0,0,0,20.91666667
6/30/2017,BLL_1711,0,22841.57669,0,320.5500581,0,0,-22001.57256,0,0,0,0,0,0,0,21
6/30/2017,BLL_1711,0,22578.54165,0,304.0590647,0,0,-22036.22871,0,0,0,0,0,0,0,21.08333333
6/30/2017,BLL_1711,0,22318.86254,0,287.9037245,0,0,-22054.68076,0,0,0,0,0,0,0,21.16666667
6/30/2017,BLL_1711,0,22062.31707,0,262.3864511,0,0,-22066.47911,0,0,0,0,0,0,0,21.25
6/30/2017,BLL_1711,0,21808.81206,0,224.4278775,0,0,-22074.46697,0,0,0,0,0,0,0,21.33333333
6/30/2017,BLL_1711,0,21558.28321,0,180.5621727,0,0,-22079.20069,0,0,0,0,0,0,0,21.41666667
6/30/2017,BLL_1711,0,21310.68111,0,158.6029337,0,0,-22081.1116,0,0,0,0,0,0,0,21.5
6/30/2017,BLL_1711,0,21065.97075,0,137.1221725,0,0,-22081.32526,0,0,0,0,0,0,0,21.58333333
6/30/2017,BLL_1711,0,20824.11414,0,116.1117368,0,0,-22080.11997,0,0,0,0,0,0,0,21.66666667
6/30/2017,BLL_1711,0,20971.36761,0,-3906.715228,0,0,-22171.12374,0,0,0,0,0,0,0,21.75
6/30/2017,BLL_1711,0,21630.30139,0,-8508.650265,0,0,-22421.54605,0,0,0,0,0,0,0,21.83333333
6/30/2017,BLL_1711,0,22399.31738,0,-10013.6316,0,0,-22702.85103,0,0,0,0,0,0,0,21.91666667
6/30/2017,BLL_1711,0,22139.68997,0,298.7239889,0,0,-22795.15144,0,0,0,0,0,0,0,22
6/30/2017,BLL_1711,0,21883.55555,0,283.3261973,0,0,-22834.07635,0,0,0,0,0,0,0,22.08333333
6/30/2017,BLL_1711,0,21630.8033,0,268.242657,0,0,-22858.74518,0,0,0,0,0,0,0,22.16666667
6/30/2017,BLL_1711,0,21381.13226,0,244.461395,0,0,-22876.60387,0,0,0,0,0,0,0,22.25
6/30/2017,BLL_1711,0,21134.44205,0,209.1188198,0,0,-22890.67261,0,0,0,0,0,0,0,22.33333333
6/30/2017,BLL_1711,0,20890.66592,0,168.2114297,0,0,-22901.99158,0,0,0,0,0,0,0,22.41666667
6/30/2017,BLL_1711,0,20649.75523,0,147.7344519,0,0,-22910.91511,0,0,0,0,0,0,0,22.5
6/30/2017,BLL_1711,0,20411.67365,0,127.7048135,0,0,-22918.02784,0,0,0,0,0,0,0,22.58333333
6/30/2017,BLL_1711,0,20176.38321,0,108.1148659,0,0,-22923.54603,0,0,0,0,0,0,0,22.66666667
6/30/2017,BLL_1711,0,20317.73654,0,-3626.192907,0,0,-23021.22483,0,0,0,0,0,0,0,22.75
6/30/2017,BLL_1711,0,20635.53449,0,-7852.333119,0,0,-22546.7396,0,0,0,0,0,0,0,22.83333333
6/30/2017,BLL_1711,0,21383.80045,0,-9301.690071,0,0,-22832.76022,0,0,0,0,0,0,0,22.91666667
6/30/2017,BLL_1711,0,21134.45069,0,276.7774247,0,0,-22933.60092,0,0,0,0,0,0,0,23
6/30/2017,BLL_1711,0,20888.46094,0,262.464016,0,0,-22981.85291,0,0,0,0,0,0,0,23.08333333
6/30/2017,BLL_1711,0,20645.807,0,248.4436193,0,0,-23015.26937,0,0,0,0,0,0,0,23.16666667
6/30/2017,BLL_1711,0,20406.18493,0,226.3703532,0,0,-23041.393,0,0,0,0,0,0,0,23.25
6/30/2017,BLL_1711,0,20169.46905,0,193.6854837,0,0,-23063.37828,0,0,0,0,0,0,0,23.33333333
6/30/2017,BLL_1711,0,19935.58044,0,155.7634824,0,0,-23082.34191,0,0,0,0,0,0,0,23.41666667
6/30/2017,BLL_1711,0,19704.46705,0,136.768695,0,0,-23098.64969,0,0,0,0,0,0,0,23.5
6/30/2017,BLL_1711,0,19476.09053,0,118.1900007,0,0,-23112.92181,0,0,0,0,0,0,0,23.58333333
6/30/2017,BLL_1711,0,19250.41215,0,100.0202614,0,0,-23125.39371,0,0,0,0,0,0,0,23.66666667
6/30/2017,BLL_1711,0,19390.24226,0,-3366.93376,0,0,-23226.60872,0,0,0,0,0,0,0,23.75
6/30/2017,BLL_1711,0,19977.43516,0,-7246.722165,0,0,-23447.9814,0,0,0,0,0,0,0,23.83333333
6/30/2017,BLL_1711,0,20634.17522,0,-8626.026396,0,0,-23561.05874,0,0,0,0,0,0,0,23.91666667
6/30/2017,BLL_1711,0,20392.34014,0,256.0344426,0,0,-23666.56559,0,0,0,0,0,0,0,24
6/30/2017,BLL_1711,0,20153.8005,0,242.7878427,0,0,-23723.50748,0,0,0,0,0,0,0,24.08333333
6/30/2017,BLL_1711,0,19918.50002,0,229.8129686,0,0,-23764.45356,0,0,0,0,0,0,0,24.16666667
6/30/2017,BLL_1711,0,19686.16399,0,209.3710943,0,0,-23797.78061,0,0,0,0,0,0,0,24.25
6/30/2017,BLL_1711,0,19456.66273,0,179.1762935,0,0,-23826.76467,0,0,0,0,0,0,0,24.33333333
6/30/2017,BLL_1711,0,19229.91524,0,144.0704741,0,0,-23852.22955,0,0,0,0,0,0,0,24.41666667
6/30/2017,BLL_1711,0,19005.85339,0,126.4989643,0,0,-23875.09268,0,0,0,0,0,0,0,24.5
6/30/2017,BLL_1711,0,18784.44362,0,109.31348,0,0,-23895.9408,0,0,0,0,0,0,0,24.58333333
6/30/2017,BLL_1711,0,18565.65142,0,92.5074057,0,0,-23915.01441,0,0,0,0,0,0,0,24.66666667
6/30/2017,BLL_1711,0,18659.88092,0,-3124.309994,0,0,-23906.46301,0,0,0,0,0,0,0,24.75
6/30/2017,BLL_1711,0,19119.40653,0,-6668.769437,0,0,-23960.87902,0,0,0,0,0,0,0,24.83333333
6/30/2017,BLL_1711,0,19637.43247,0,-7463.710541,0,0,-24099.89637,0,0,0,0,0,0,0,24.91666667
6/30/2017,BLL_1711,0,19406.37207,0,230.6991978,0,0,-24202.96382,0,0,0,0,0,0,0,25
6/30/2017,BLL_1711,0,19178.59504,0,218.5337762,0,0,-24264.05183,0,0,0,0,0,0,0,25.08333333
6/30/2017,BLL_1711,0,18953.88869,0,206.6194435,0,0,-24310.51159,0,0,0,0,0,0,0,25.16666667
6/30/2017,BLL_1711,0,18732.01048,0,187.7882109,0,0,-24349.6721,0,0,0,0,0,0,0,25.25
6/30/2017,BLL_1711,0,18512.84331,0,160.0338065,0,0,-24384.52282,0,0,0,0,0,0,0,25.33333333
6/30/2017,BLL_1711,0,18296.31814,0,129.2269142,0,0,-24415.57422,0,0,0,0,0,0,0,25.41666667
6/30/2017,BLL_1711,0,18082.38831,0,113.2694323,0,0,-24443.79901,0,0,0,0,0,0,0,25.5
6/30/2017,BLL_1711,0,17871.01659,0,97.66261643,0,0,-24469.80168,0,0,0,0,0,0,0,25.58333333
6/30/2017,BLL_1711,0,17662.16716,0,82.40043732,0,0,-24493.8272,0,0,0,0,0,0,0,25.66666667
6/30/2017,BLL_1711,0,17795.63998,0,-2918.48966,0,0,-24605.11224,0,0,0,0,0,0,0,25.75
6/30/2017,BLL_1711,0,18230.35078,0,-6114.539352,0,0,-24801.90239,0,0,0,0,0,0,0,25.83333333
6/30/2017,BLL_1711,0,18766.35623,0,-7212.301406,0,0,-24741.93043,0,0,0,0,0,0,0,25.91666667
6/30/2017,BLL_1711,0,18544.3237,0,214.4247373,0,0,-24849.14702,0,0,0,0,0,0,0,26
6/30/2017,BLL_1711,0,18325.64389,0,203.4981313,0,0,-24915.77324,0,0,0,0,0,0,0,26.08333333
6/30/2017,BLL_1711,0,18109.96626,0,192.7945956,0,0,-24968.22249,0,0,0,0,0,0,0,26.16666667
6/30/2017,BLL_1711,0,17897.0235,0,175.6318085,0,0,-25013.51518,0,0,0,0,0,0,0,26.25
6/30/2017,BLL_1711,0,17686.69674,0,150.396997,0,0,-25054.44318,0,0,0,0,0,0,0,26.33333333
6/30/2017,BLL_1711,0,17478.92052,0,120.8801668,0,0,-25091.50862,0,0,0,0,0,0,0,26.41666667
6/30/2017,BLL_1711,0,17273.64922,0,106.2491316,0,0,-25125.65245,0,0,0,0,0,0,0,26.5
6/30/2017,BLL_1711,0,17070.84632,0,91.93957688,0,0,-25157.49106,0,0,0,0,0,0,0,26.58333333
6/30/2017,BLL_1711,0,16870.47709,0,77.94597538,0,0,-25187.26494,0,0,0,0,0,0,0,26.66666667
6/30/2017,BLL_1711,0,17002.98684,0,-2693.638603,0,0,-25301.84356,0,0,0,0,0,0,0,26.75
6/30/2017,BLL_1711,0,17400.22678,0,-5602.243846,0,0,-25144.13221,0,0,0,0,0,0,0,26.83333333
6/30/2017,BLL_1711,0,17822.51455,0,-6713.840809,0,0,-25230.83487,0,0,0,0,0,0,0,26.91666667
6/30/2017,BLL_1711,0,17610.52069,0,199.4663159,0,0,-25342.29594,0,0,0,0,0,0,0,27
6/30/2017,BLL_1711,0,17401.62664,0,189.0738564,0,0,-25415.66663,0,0,0,0,0,0,0,27.08333333
6/30/2017,BLL_1711,0,17195.61804,0,178.8970535,0,0,-25475.29019,0,0,0,0,0,0,0,27.16666667
6/30/2017,BLL_1711,0,16992.24394,0,162.7954386,0,0,-25527.75851,0,0,0,0,0,0,0,27.25
6/30/2017,BLL_1711,0,16791.39172,0,139.3185243,0,0,-25575.98561,0,0,0,0,0,0,0,27.33333333
6/30/2017,BLL_1711,0,16592.96652,0,112.0414955,0,0,-25620.53164,0,0,0,0,0,0,0,27.41666667
6/30/2017,BLL_1711,0,16396.93241,0,98.32114265,0,0,-25662.0573,0,0,0,0,0,0,0,27.5
6/30/2017,BLL_1711,0,16203.26043,0,84.90534762,0,0,-25701.18336,0,0,0,0,0,0,0,27.58333333
6/30/2017,BLL_1711,0,16011.91952,0,71.78879946,0,0,-25738.13606,0,0,0,0,0,0,0,27.66666667
6/30/2017,BLL_1711,0,16141.76605,0,-2467.545906,0,0,-25850.84124,0,0,0,0,0,0,0,27.75
6/30/2017,BLL_1711,0,16425.55291,0,-5101.4025,0,0,-25858.31816,0,0,0,0,0,0,0,27.83333333
6/30/2017,BLL_1711,0,16878.30122,0,-6155.674987,0,0,-26054.6798,0,0,0,0,0,0,0,27.91666667
6/30/2017,BLL_1711,0,16677.22944,0,182.1657352,0,0,-26162.41361,0,0,0,0,0,0,0,28
6/30/2017,BLL_1711,0,16478.9462,0,172.6676595,0,0,-26234.75379,0,0,0,0,0,0,0,28.08333333
6/30/2017,BLL_1711,0,16283.35818,0,163.3671931,0,0,-26294.06622,0,0,0,0,0,0,0,28.16666667
6/30/2017,BLL_1711,0,16090.2737,0,148.656218,0,0,-26346.48175,0,0,0,0,0,0,0,28.25
6/30/2017,BLL_1711,0,15899.59168,0,127.2717219,0,0,-26394.91208,0,0,0,0,0,0,0,28.33333333
6/30/2017,BLL_1711,0,15711.22069,0,102.3054433,0,0,-26439.78927,0,0,0,0,0,0,0,28.41666667
6/30/2017,BLL_1711,0,15525.12556,0,89.77283974,0,0,-26481.73959,0,0,0,0,0,0,0,28.5
6/30/2017,BLL_1711,0,15341.27959,0,77.51923809,0,0,-26521.32415,0,0,0,0,0,0,0,28.58333333
6/30/2017,BLL_1711,0,15159.65337,0,65.53975639,0,0,-26558.75685,0,0,0,0,0,0,0,28.66666667
6/30/2017,BLL_1711,0,15292.60593,0,-2256.976137,0,0,-26674.9692,0,0,0,0,0,0,0,28.75
6/30/2017,BLL_1711,0,15419.30478,0,-4637.282121,0,0,-26527.97701,0,0,0,0,0,0,0,28.83333333
6/30/2017,BLL_1711,0,15747.7997,0,-5645.855913,0,0,-25700.05177,0,0,0,0,0,0,0,28.91666667
6/30/2017,BLL_1711,0,15559.8845,0,166.2666399,0,0,-25810.11011,0,0,0,0,0,0,0,29
6/30/2017,BLL_1711,0,15374.55444,0,157.5941066,0,0,-25887.42417,0,0,0,0,0,0,0,29.08333333
6/30/2017,BLL_1711,0,15191.71206,0,149.1026489,0,0,-25953.12472,0,0,0,0,0,0,0,29.16666667
6/30/2017,BLL_1711,0,15011.2055,0,135.6731268,0,0,-26012.42015,0,0,0,0,0,0,0,29.25
6/30/2017,BLL_1711,0,14832.93903,0,116.194876,0,0,-26067.68899,0,0,0,0,0,0,0,29.33333333
6/30/2017,BLL_1711,0,14656.8554,0,93.37100743,0,0,-26119.47143,0,0,0,0,0,0,0,29.41666667
6/30/2017,BLL_1711,0,14482.91766,0,81.93362888,0,0,-26168.34096,0,0,0,0,0,0,0,29.5
6/30/2017,BLL_1711,0,14311.09491,0,70.75183645,0,0,-26214.87371,0,0,0,0,0,0,0,29.58333333
6/30/2017,BLL_1711,0,14141.35763,0,59.82113283,0,0,-26259.28755,0,0,0,0,0,0,0,29.66666667
6/30/2017,BLL_1711,0,13960.61809,0,-2050.0058,0,0,-25928.47391,0,0,0,0,0,0,0,29.75
6/30/2017,BLL_1711,0,14384.76798,0,-4214.199686,0,0,-26149.85472,0,0,0,0,0,0,0,29.83333333
6/30/2017,BLL_1711,0,14846.53845,0,-5152.466253,0,0,-26301.16151,0,0,0,0,0,0,0,29.91666667
6/30/2017,BLL_1711,0,14668.5922,0,151.3467255,0,0,-26412.22146,0,0,0,0,0,0,0,30
6/30/2017,BLL_1711,0,14493.04878,0,143.4267452,0,0,-26491.22966,0,0,0,0,0,0,0,30.08333333
6/30/2017,BLL_1711,0,14319.90867,0,135.6728998,0,0,-26557.5506,0,0,0,0,0,0,0,30.16666667
6/30/2017,BLL_1711,0,14149.04385,0,123.4419371,0,0,-26616.59979,0,0,0,0,0,0,0,30.25
6/30/2017,BLL_1711,0,13980.34943,0,105.7250337,0,0,-26671.04723,0,0,0,0,0,0,0,30.33333333
6/30/2017,BLL_1711,0,13813.75473,0,84.9450133,0,0,-26721.55945,0,0,0,0,0,0,0,30.41666667
6/30/2017,BLL_1711,0,13649.21697,0,74.52347679,0,0,-26768.80684,0,0,0,0,0,0,0,30.5
6/30/2017,BLL_1711,0,13486.70366,0,64.33582029,0,0,-26813.39271,0,0,0,0,0,0,0,30.58333333
6/30/2017,BLL_1711,0,13326.18395,0,54.37790191,0,0,-26855.58844,0,0,0,0,0,0,0,30.66666667
6/30/2017,BLL_1711,0,13434.08303,0,-1875.880653,0,0,-26973.61732,0,0,0,0,0,0,0,30.75
6/30/2017,BLL_1711,0,13627.04727,0,-3801.620213,0,0,-26432.17131,0,0,0,0,0,0,0,30.83333333
6/30/2017,BLL_1711,0,13777.82968,0,-4685.804915,0,0,-25284.00964,0,0,0,0,0,0,0,30.91666667
6/30/2017,BLL_1711,0,13611.7801,0,137.2348516,0,0,-25401.73096,0,0,0,0,0,0,0,31
6/30/2017,BLL_1711,0,13447.99765,0,130.0453772,0,0,-25487.62254,0,0,0,0,0,0,0,31.08333333
6/30/2017,BLL_1711,0,13286.50127,0,123.0073727,0,0,-25561.22315,0,0,0,0,0,0,0,31.16666667
6/30/2017,BLL_1711,0,13127.1592,0,111.8817578,0,0,-25627.59753,0,0,0,0,0,0,0,31.25
6/30/2017,BLL_1711,0,12969.86418,0,95.86171455,0,0,-25689.35824,0,0,0,0,0,0,0,31.33333333
6/30/2017,BLL_1711,0,12814.5441,0,76.99841692,0,0,-25747.16361,0,0,0,0,0,0,0,31.41666667
6/30/2017,BLL_1711,0,12661.15591,0,67.54674888,0,0,-25801.68887,0,0,0,0,0,0,0,31.5
6/30/2017,BLL_1711,0,12509.66812,0,58.30811352,0,0,-25853.569,0,0,0,0,0,0,0,31.58333333
6/30/2017,BLL_1711,0,12360.05041,0,49.27871465,0,0,-25903.05461,0,0,0,0,0,0,0,31.66666667
6/30/2017,BLL_1711,0,12461.14364,0,-1705.053544,0,0,-25988.71986,0,0,0,0,0,0,0,31.75
6/30/2017,BLL_1711,0,12846.28764,0,-3426.092656,0,0,-26209.71383,0,0,0,0,0,0,0,31.83333333
6/30/2017,BLL_1711,0,13255.80266,0,-4247.298876,0,0,-26142.08326,0,0,0,0,0,0,0,31.91666667
6/30/2017,BLL_1711,0,13094.87571,0,124.1901968,0,0,-26257.528,0,0,0,0,0,0,0,32
6/30/2017,BLL_1711,0,12936.19182,0,117.656646,0,0,-26343.00997,0,0,0,0,0,0,0,32.08333333
6/30/2017,BLL_1711,0,12779.77243,0,111.2614519,0,0,-26416.42467,0,0,0,0,0,0,0,32.16666667
6/30/2017,BLL_1711,0,12625.45758,0,101.1657983,0,0,-26483.00891,0,0,0,0,0,0,0,32.25
6/30/2017,BLL_1711,0,12473.14009,0,86.68807617,0,0,-26545.34671,0,0,0,0,0,0,0,32.33333333
6/30/2017,BLL_1711,0,12322.74454,0,69.61940021,0,0,-26604.02868,0,0,0,0,0,0,0,32.41666667
6/30/2017,BLL_1711,0,12174.21902,0,61.05394809,0,0,-26659.87204,0,0,0,0,0,0,0,32.5
6/30/2017,BLL_1711,0,12027.53528,0,52.68251776,0,0,-26713.51244,0,0,0,0,0,0,0,32.58333333
6/30/2017,BLL_1711,0,11882.66453,0,44.5016286,0,0,-26765.17515,0,0,0,0,0,0,0,32.66666667
6/30/2017,BLL_1711,0,11919.80091,0,-1541.44402,0,0,-26587.40315,0,0,0,0,0,0,0,32.75
6/30/2017,BLL_1711,0,12118.89101,0,-3058.986622,0,0,-25786.50011,0,0,0,0,0,0,0,32.83333333
6/30/2017,BLL_1711,0,12436.97146,0,-3830.674548,0,0,-25733.26668,0,0,0,0,0,0,0,32.91666667
6/30/2017,BLL_1711,0,12285.24472,0,111.569461,0,0,-25850.68236,0,0,0,0,0,0,0,33
6/30/2017,BLL_1711,0,12135.57283,0,105.6832731,0,0,-25939.95603,0,0,0,0,0,0,0,33.08333333
6/30/2017,BLL_1711,0,11988.09924,0,99.9224035,0,0,-26016.98603,0,0,0,0,0,0,0,33.16666667
6/30/2017,BLL_1711,0,11842.64774,0,90.82443439,0,0,-26086.84586,0,0,0,0,0,0,0,33.25
6/30/2017,BLL_1711,0,11699.11013,0,77.86101134,0,0,-26152.06311,0,0,0,0,0,0,0,33.33333333
6/30/2017,BLL_1711,0,11557.40799,0,62.50698575,0,0,-26213.05655,0,0,0,0,0,0,0,33.41666667
6/30/2017,BLL_1711,0,11417.49783,0,54.80562222,0,0,-26270.67484,0,0,0,0,0,0,0,33.5
6/30/2017,BLL_1711,0,11279.35068,0,47.27961464,0,0,-26325.59775,0,0,0,0,0,0,0,33.58333333
6/30/2017,BLL_1711,0,11142.93695,0,39.92579303,0,0,-26378.06986,0,0,0,0,0,0,0,33.66666667
6/30/2017,BLL_1711,0,11246.69176,0,-1390.497828,0,0,-26507.26308,0,0,0,0,0,0,0,33.75
6/30/2017,BLL_1711,0,11308.77341,0,-2723.889822,0,0,-25951.05527,0,0,0,0,0,0,0,33.83333333
6/30/2017,BLL_1711,0,11646.34348,0,-3439.174277,0,0,-25938.6842,0,0,0,0,0,0,0,33.91666667
6/30/2017,BLL_1711,0,11503.31727,0,99.88655912,0,0,-26051.04802,0,0,0,0,0,0,0,34
6/30/2017,BLL_1711,0,11362.32219,0,94.60594067,0,0,-26136.95706,0,0,0,0,0,0,0,34.08333333
6/30/2017,BLL_1711,0,11223.465,0,89.43843811,0,0,-26211.47421,0,0,0,0,0,0,0,34.16666667
6/30/2017,BLL_1711,0,11086.51365,0,81.27096863,0,0,-26279.33079,0,0,0,0,0,0,0,34.25
6/30/2017,BLL_1711,0,10951.3693,0,69.68685003,0,0,-26342.72741,0,0,0,0,0,0,0,34.33333333
6/30/2017,BLL_1711,0,10817.96666,0,55.93449472,0,0,-26402.41425,0,0,0,0,0,0,0,34.41666667
6/30/2017,BLL_1711,0,10686.26724,0,49.03644942,0,0,-26458.7221,0,0,0,0,0,0,0,34.5
6/30/2017,BLL_1711,0,10556.24241,0,42.29631178,0,0,-26512.28671,0,0,0,0,0,0,0,34.58333333
6/30/2017,BLL_1711,0,10427.86464,0,35.71119802,0,0,-26563.3484,0,0,0,0,0,0,0,34.66666667
6/30/2017,BLL_1711,0,10489.94545,0,-1245.395354,0,0,-26406.93221,0,0,0,0,0,0,0,34.75
6/30/2017,BLL_1711,0,10536.82405,0,-2427.193796,0,0,-25736.19139,0,0,0,0,0,0,0,34.83333333
6/30/2017,BLL_1711,0,10799.23313,0,-3084.891573,0,0,-25439.7596,0,0,0,0,0,0,0,34.91666667
6/30/2017,BLL_1711,0,10665.84931,0,89.23702182,0,0,-25547.40309,0,0,0,0,0,0,0,35
6/30/2017,BLL_1711,0,10534.44262,0,84.51416889,0,0,-25631.436,0,0,0,0,0,0,0,35.08333333
6/30/2017,BLL_1711,0,10405.02673,0,79.89302049,0,0,-25705.0535,0,0,0,0,0,0,0,35.16666667
6/30/2017,BLL_1711,0,10277.39097,0,72.59443144,0,0,-25772.66416,0,0,0,0,0,0,0,35.25
6/30/2017,BLL_1711,0,10151.44205,0,62.25717963,0,0,-25836.38953,0,0,0,0,0,0,0,35.33333333
6/30/2017,BLL_1711,0,10027.11941,0,49.95665397,0,0,-25896.92909,0,0,0,0,0,0,0,35.41666667
6/30/2017,BLL_1711,0,9904.387769,0,43.79366369,0,0,-25954.54256,0,0,0,0,0,0,0,35.5
6/30/2017,BLL_1711,0,9783.220644,0,37.77254982,0,0,-26009.83827,0,0,0,0,0,0,0,35.58333333
6/30/2017,BLL_1711,0,9663.593061,0,31.89069558,0,0,-26063.04125,0,0,0,0,0,0,0,35.66666667
6/30/2017,BLL_1711,0,9716.974858,0,-1108.973121,0,0,-25909.84872,0,0,0,0,0,0,0,35.75
6/30/2017,BLL_1711,0,9814.658069,0,-2129.014339,0,0,-25736.92732,0,0,0,0,0,0,0,35.83333333
6/30/2017,BLL_1711,0,10127.36441,0,-2749.180968,0,0,-25412.14329,0,0,0,0,0,0,0,35.91666667
6/30/2017,BLL_1711,0,10001.44561,0,79.11451912,0,0,-25514.50541,0,0,0,0,0,0,0,36
6/30/2017,BLL_1711,0,9877.518963,0,74.89794137,0,0,-25591.88177,0,0,0,0,0,0,0,36.08333333
6/30/2017,BLL_1711,0,9755.529104,0,70.77274801,0,0,-25660.8604,0,0,0,0,0,0,0,36.16666667
6/30/2017,BLL_1711,0,9635.208855,0,64.27213221,0,0,-25725.26368,0,0,0,0,0,0,0,36.25
6/30/2017,BLL_1711,0,9516.473575,0,55.16088691,0,0,-25786.79921,0,0,0,0,0,0,0,36.33333333
6/30/2017,BLL_1711,0,9399.271318,0,44.23348541,0,0,-25846.16003,0,0,0,0,0,0,0,36.41666667
6/30/2017,BLL_1711,0,9283.5568,0,38.75558006,0,0,-25903.49677,0,0,0,0,0,0,0,36.5
6/30/2017,BLL_1711,0,9169.310082,0,33.40453752,0,0,-25959.29568,0,0,0,0,0,0,0,36.58333333
6/30/2017,BLL_1711,0,9056.51174,0,28.17801948,0,0,-26013.70889,0,0,0,0,0,0,0,36.66666667
6/30/2017,BLL_1711,0,9010.06718,0,-977.4575034,0,0,-25753.43397,0,0,0,0,0,0,0,36.75
6/30/2017,BLL_1711,0,9160.407486,0,-1868.944172,0,0,-25431.76531,0,0,0,0,0,0,0,36.83333333
6/30/2017,BLL_1711,0,9299.04081,0,-2911.538499,0,0,-24893.13711,0,0,0,0,0,0,0,36.91666667
6/30/2017,BLL_1711,0,9182.835354,0,74.55914951,0,0,-24990.36949,0,0,0,0,0,0,0,37
6/30/2017,BLL_1711,0,9068.488527,0,70.77685451,0,0,-25066.07843,0,0,0,0,0,0,0,37.08333333
6/30/2017,BLL_1711,0,8955.905624,0,67.07660364,0,0,-25134.54109,0,0,0,0,0,0,0,37.16666667
6/30/2017,BLL_1711,0,8844.878968,0,61.29051808,0,0,-25198.51749,0,0,0,0,0,0,0,37.25
6/30/2017,BLL_1711,0,8735.336321,0,53.21380951,0,0,-25259.38778,0,0,0,0,0,0,0,37.33333333
6/30/2017,BLL_1711,0,8627.228756,0,42.17865706,0,0,-25317.66352,0,0,0,0,0,0,0,37.41666667
6/30/2017,BLL_1711,0,8520.528608,0,37.12456386,0,0,-25373.32663,0,0,0,0,0,0,0,37.5
6/30/2017,BLL_1711,0,8415.213714,0,32.18868255,0,0,-25426.8782,0,0,0,0,0,0,0,37.58333333
6/30/2017,BLL_1711,0,8311.262166,0,27.36877426,0,0,-25478.48818,0,0,0,0,0,0,0,37.66666667
6/30/2017,BLL_1711,0,8116.311178,0,-855.823211,0,0,-24673.83422,0,0,0,0,0,0,0,37.75
6/30/2017,BLL_1711,0,8221.168596,0,-1639.520965,0,0,-24070.6527,0,0,0,0,0,0,0,37.83333333
6/30/2017,BLL_1711,0,8482.89149,0,-2455.655056,0,0,-23768.44177,0,0,0,0,0,0,0,37.91666667
6/30/2017,BLL_1711,0,8375.709375,0,66.04524702,0,0,-23869.50057,0,0,0,0,0,0,0,38
6/30/2017,BLL_1711,0,8270.374455,0,62.41899467,0,0,-23948.48918,0,0,0,0,0,0,0,38.08333333
6/30/2017,BLL_1711,0,8166.780547,0,58.87364482,0,0,-24020.02865,0,0,0,0,0,0,0,38.16666667
6/30/2017,BLL_1711,0,8064.650826,0,53.50449794,0,0,-24087.07966,0,0,0,0,0,0,0,38.25
6/30/2017,BLL_1711,0,7963.90442,0,46.12804438,0,0,-24151.16285,0,0,0,0,0,0,0,38.33333333
6/30/2017,BLL_1711,0,7864.492443,0,36.82519824,0,0,-24212.81243,0,0,0,0,0,0,0,38.41666667
6/30/2017,BLL_1711,0,7766.386161,0,32.20920501,0,0,-24271.99801,0,0,0,0,0,0,0,38.5
6/30/2017,BLL_1711,0,7669.564194,0,27.70291676,0,0,-24329.2387,0,0,0,0,0,0,0,38.58333333
6/30/2017,BLL_1711,0,7574.006124,0,23.30424038,0,0,-24384.70607,0,0,0,0,0,0,0,38.66666667
6/30/2017,BLL_1711,0,7527.807066,0,-761.093893,0,0,-23379.07664,0,0,0,0,0,0,0,38.75
6/30/2017,BLL_1711,0,7655.947032,0,-1406.868668,0,0,-23287.42357,0,0,0,0,0,0,0,38.83333333
6/30/2017,BLL_1711,0,7840.110744,0,-1955.73268,0,0,-22947.45565,0,0,0,0,0,0,0,38.91666667
6/30/2017,BLL_1711,0,7740.150322,0,54.74702061,0,0,-23053.75096,0,0,0,0,0,0,0,39
6/30/2017,BLL_1711,0,7642.003235,0,51.73457517,0,0,-23138.36732,0,0,0,0,0,0,0,39.08333333
6/30/2017,BLL_1711,0,7545.539618,0,48.79001338,0,0,-23215.77413,0,0,0,0,0,0,0,39.16666667
6/30/2017,BLL_1711,0,7450.478,0,44.22632728,0,0,-23288.80452,0,0,0,0,0,0,0,39.25
6/30/2017,BLL_1711,0,7356.732682,0,38.0172659,0,0,-23358.96726,0,0,0,0,0,0,0,39.33333333
6/30/2017,BLL_1711,0,7264.24724,0,30.44409994,0,0,-23426.91115,0,0,0,0,0,0,0,39.41666667
6/30/2017,BLL_1711,0,7172.987459,0,26.6134022,0,0,-23492.5186,0,0,0,0,0,0,0,39.5
6/30/2017,BLL_1711,0,7082.934008,0,22.87423553,0,0,-23556.32207,0,0,0,0,0,0,0,39.58333333
6/30/2017,BLL_1711,0,6994.067585,0,19.22481132,0,0,-23618.47809,0,0,0,0,0,0,0,39.66666667
6/30/2017,BLL_1711,0,7007.264537,0,-674.9740577,0,0,-23716.33478,0,0,0,0,0,0,0,39.75
6/30/2017,BLL_1711,0,6999.982902,0,-1190.582389,0,0,-23203.36891,0,0,0,0,0,0,0,39.83333333
6/30/2017,BLL_1711,0,7263.630149,0,-1829.575263,0,0,-23237.05652,0,0,0,0,0,0,0,39.91666667
6/30/2017,BLL_1711,0,7170.106358,0,48.33879472,0,0,-23346.85386,0,0,0,0,0,0,0,40
6/30/2017,BLL_1711,0,7078.334599,0,45.79939716,0,0,-23434.71749,0,0,0,0,0,0,0,40.08333333
6/30/2017,BLL_1711,0,6988.226414,0,43.31676274,0,0,-23516.17495,0,0,0,0,0,0,0,40.16666667
6/30/2017,BLL_1711,0,6899.434928,0,39.40308669,0,0,-23593.95579,0,0,0,0,0,0,0,40.25
6/30/2017,BLL_1711,0,6811.86961,0,34.14832626,0,0,-23669.33389,0,0,0,0,0,0,0,40.33333333
6/30/2017,BLL_1711,0,6725.48478,0,27.13285576,0,0,-23742.95678,0,0,0,0,0,0,0,40.41666667
6/30/2017,BLL_1711,0,6640.237839,0,23.81521668,0,0,-23814.63369,0,0,0,0,0,0,0,40.5
6/30/2017,BLL_1711,0,6556.114079,0,20.57725467,0,0,-23884.81093,0,0,0,0,0,0,0,40.58333333
6/30/2017,BLL_1711,0,6473.099919,0,17.4173982,0,0,-23953.61004,0,0,0,0,0,0,0,40.66666667
6/30/2017,BLL_1711,0,6485.929618,0,-599.3658348,0,0,-24023.01984,0,0,0,0,0,0,0,40.75
6/30/2017,BLL_1711,0,6685.264351,0,-1007.278827,0,0,-24242.0342,0,0,0,0,0,0,0,40.83333333
6/30/2017,BLL_1711,0,6644.038703,0,-1701.633639,0,0,-23386.44943,0,0,0,0,0,0,0,40.91666667
6/30/2017,BLL_1711,0,6558.00408,0,43.33953878,0,0,-23499.72973,0,0,0,0,0,0,0,41
6/30/2017,BLL_1711,0,6473.626286,0,41.01771461,0,0,-23596.25174,0,0,0,0,0,0,0,41.08333333
6/30/2017,BLL_1711,0,6390.752278,0,38.74900545,0,0,-23686.48725,0,0,0,0,0,0,0,41.16666667
6/30/2017,BLL_1711,0,6309.093583,0,35.21041603,0,0,-23772.84299,0,0,0,0,0,0,0,41.25
6/30/2017,BLL_1711,0,6228.577952,0,30.60350731,0,0,-23856.53339,0,0,0,0,0,0,0,41.33333333
6/30/2017,BLL_1711,0,6149.162456,0,24.26747451,0,0,-23938.44154,0,0,0,0,0,0,0,41.41666667
6/30/2017,BLL_1711,0,6070.795579,0,21.27399624,0,0,-24018.28175,0,0,0,0,0,0,0,41.5
6/30/2017,BLL_1711,0,5993.466251,0,18.35347274,0,0,-24096.46742,0,0,0,0,0,0,0,41.58333333
6/30/2017,BLL_1711,0,5917.163752,0,15.50443319,0,0,-24173.11133,0,0,0,0,0,0,0,41.66666667
6/30/2017,BLL_1711,0,5894.466151,0,-536.9052188,0,0,-23998.28989,0,0,0,0,0,0,0,41.75
6/30/2017,BLL_1711,0,6069.513765,0,-825.7656249,0,0,-24180.286,0,0,0,0,0,0,0,41.83333333
6/30/2017,BLL_1711,0,6072.274919,0,-1352.44997,0,0,-23825.66687,0,0,0,0,0,0,0,41.91666667
6/30/2017,BLL_1711,0,5993.132447,0,36.11564643,0,0,-23942.396,0,0,0,0,0,0,0,42
6/30/2017,BLL_1711,0,5915.533165,0,34.09307186,0,0,-24045.738,0,0,0,0,0,0,0,42.08333333
6/30/2017,BLL_1711,0,5839.270409,0,32.11697089,0,0,-24143.97817,0,0,0,0,0,0,0,42.16666667
6/30/2017,BLL_1711,0,5764.104619,0,28.99860105,0,0,-24239.103,0,0,0,0,0,0,0,42.25
6/30/2017,BLL_1711,0,5689.977108,0,25.11175582,0,0,-24332.02554,0,0,0,0,0,0,0,42.33333333
6/30/2017,BLL_1711,0,5616.853716,0,20.01600742,0,0,-24423.39643,0,0,0,0,0,0,0,42.41666667
6/30/2017,BLL_1711,0,5544.689378,0,17.4752481,0,0,-24512.92351,0,0,0,0,0,0,0,42.5
6/30/2017,BLL_1711,0,5473.474133,0,14.99694523,0,0,-24601.0642,0,0,0,0,0,0,0,42.58333333
6/30/2017,BLL_1711,0,5403.198764,0,12.57988691,0,0,-24687.92238,0,0,0,0,0,0,0,42.66666667
6/30/2017,BLL_1711,0,5439.885326,0,-452.5587422,0,0,-24774.20174,0,0,0,0,0,0,0,42.75
6/30/2017,BLL_1711,0,5611.750742,0,-772.5772657,0,0,-24761.09869,0,0,0,0,0,0,0,42.83333333
6/30/2017,BLL_1711,0,5584.980022,0,-688.7845169,0,0,-24435.20595,0,0,0,0,0,0,0,42.91666667
6/30/2017,BLL_1711,0,5511.530542,0,26.21517535,0,0,-24561.47977,0,0,0,0,0,0,0,43
6/30/2017,BLL_1711,0,5439.413449,0,24.62708001,0,0,-24676.73069,0,0,0,0,0,0,0,43.08333333
6/30/2017,BLL_1711,0,5368.453399,0,23.07622835,0,0,-24787.8966,0,0,0,0,0,0,0,43.16666667
6/30/2017,BLL_1711,0,5298.495006,0,20.58860317,0,0,-24896.64716,0,0,0,0,0,0,0,43.25
6/30/2017,BLL_1711,0,5229.491136,0,17.21748517,0,0,-25003.77656,0,0,0,0,0,0,0,43.33333333
6/30/2017,BLL_1711,0,5161.413447,0,14.15839756,0,0,-25109.93194,0,0,0,0,0,0,0,43.41666667
6/30/2017,BLL_1711,0,5094.218038,0,12.24972391,0,0,-25214.67059,0,0,0,0,0,0,0,43.5
6/30/2017,BLL_1711,0,5027.897972,0,10.38881612,0,0,-25318.42571,0,0,0,0,0,0,0,43.58333333
6/30/2017,BLL_1711,0,4962.446915,0,8.574767372,0,0,-25421.27613,0,0,0,0,0,0,0,43.66666667
6/30/2017,BLL_1711,0,4999.678808,0,-379.4433773,0,0,-25543.66379,0,0,0,0,0,0,0,43.75
6/30/2017,BLL_1711,0,4747.783193,0,-462.1632736,0,0,-24383.73003,0,0,0,0,0,0,0,43.83333333
6/30/2017,BLL_1711,0,4815.346661,0,-1077.929518,0,0,-24435.36846,0,0,0,0,0,0,0,43.91666667
6/30/2017,BLL_1711,0,4751.399104,0,23.57324218,0,0,-24569.25036,0,0,0,0,0,0,0,44
6/30/2017,BLL_1711,0,4688.502286,0,22.4266335,0,0,-24695.98047,0,0,0,0,0,0,0,44.08333333
6/30/2017,BLL_1711,0,4626.568631,0,21.30682457,0,0,-24819.27173,0,0,0,0,0,0,0,44.16666667
6/30/2017,BLL_1711,0,4565.523279,0,19.39899281,0,0,-24940.09583,0,0,0,0,0,0,0,44.25
6/30/2017,BLL_1711,0,4505.340813,0,17.38073657,0,0,-25058.89831,0,0,0,0,0,0,0,44.33333333
6/30/2017,BLL_1711,0,4446.004054,0,13.41218107,0,0,-25176.05215,0,0,0,0,0,0,0,44.41666667
6/30/2017,BLL_1711,0,4387.496506,0,11.8443555,0,0,-25291.13518,0,0,0,0,0,0,0,44.5
6/30/2017,BLL_1711,0,4329.805667,0,10.316192,0,0,-25404.64659,0,0,0,0,0,0,0,44.58333333
6/30/2017,BLL_1711,0,4272.919635,0,8.826866201,0,0,-25516.70269,0,0,0,0,0,0,0,44.66666667
6/30/2017,BLL_1711,0,4212.762306,0,-307.2588258,0,0,-25542.2682,0,0,0,0,0,0,0,44.75
6/30/2017,BLL_1711,0,4361.922533,0,-706.6439336,0,0,-25390.60293,0,0,0,0,0,0,0,44.83333333
6/30/2017,BLL_1711,0,4453.624302,0,-996.0866261,0,0,-25034.89187,0,0,0,0,0,0,0,44.91666667
6/30/2017,BLL_1711,0,4393.411349,0,25.2269008,0,0,-25181.99427,0,0,0,0,0,0,0,45
6/30/2017,BLL_1711,0,4334.237501,0,23.95974581,0,0,-25321.47459,0,0,0,0,0,0,0,45.08333333
6/30/2017,BLL_1711,0,4276.036039,0,22.72253899,0,0,-25457.46037,0,0,0,0,0,0,0,45.16666667
6/30/2017,BLL_1711,0,4218.696091,0,20.85454206,0,0,-25590.90996,0,0,0,0,0,0,0,45.25
6/30/2017,BLL_1711,0,4162.183753,0,17.82057795,0,0,-25722.42484,0,0,0,0,0,0,0,45.33333333
6/30/2017,BLL_1711,0,4106.466398,0,14.28475366,0,0,-25852.23115,0,0,0,0,0,0,0,45.41666667
6/30/2017,BLL_1711,0,4051.531195,0,12.59976482,0,0,-25979.83886,0,0,0,0,0,0,0,45.5
6/30/2017,BLL_1711,0,3997.367702,0,10.95830279,0,0,-26105.80572,0,0,0,0,0,0,0,45.58333333
6/30/2017,BLL_1711,0,3943.964423,0,9.359476543,0,0,-26230.26026,0,0,0,0,0,0,0,45.66666667
6/30/2017,BLL_1711,0,3988.929333,0,-247.973704,0,0,-26396.65584,0,0,0,0,0,0,0,45.75
6/30/2017,BLL_1711,0,4045.171689,0,-432.439686,0,0,-26169.33011,0,0,0,0,0,0,0,45.83333333
6/30/2017,BLL_1711,0,4098.096625,0,-719.4343367,0,0,-25955.50104,0,0,0,0,0,0,0,45.91666667
6/30/2017,BLL_1711,0,4041.740954,0,18.93946703,0,0,-26116.36428,0,0,0,0,0,0,0,46
6/30/2017,BLL_1711,0,3986.332968,0,17.72061899,0,0,-26270.88257,0,0,0,0,0,0,0,46.08333333
6/30/2017,BLL_1711,0,3931.851179,0,16.53261723,0,0,-26422.14009,0,0,0,0,0,0,0,46.16666667
6/30/2017,BLL_1711,0,3878.195515,0,14.8451143,0,0,-26570.91107,0,0,0,0,0,0,0,46.25
6/30/2017,BLL_1711,0,3825.334398,0,12.89707775,0,0,-26717.66871,0,0,0,0,0,0,0,46.33333333
6/30/2017,BLL_1711,0,3773.238431,0,10.18809008,0,0,-26862.66305,0,0,0,0,0,0,0,46.41666667
6/30/2017,BLL_1711,0,3721.89438,0,8.778218294,0,0,-27005.36007,0,0,0,0,0,0,0,46.5
6/30/2017,BLL_1711,0,3671.291185,0,7.406294687,0,0,-27146.36899,0,0,0,0,0,0,0,46.58333333
6/30/2017,BLL_1711,0,3621.417077,0,6.071491365,0,0,-27285.81696,0,0,0,0,0,0,0,46.66666667
6/30/2017,BLL_1711,0,3667.45058,0,-194.9157352,0,0,-27465.56798,0,0,0,0,0,0,0,46.75
6/30/2017,BLL_1711,0,3656.205397,0,-309.4423724,0,0,-26545.19133,0,0,0,0,0,0,0,46.83333333
6/30/2017,BLL_1711,0,3810.850182,0,-624.1383591,0,0,-26641.62745,0,0,0,0,0,0,0,46.91666667
6/30/2017,BLL_1711,0,3757.482529,0,14.43656122,0,0,-26750.20157,0,0,0,0,0,0,0,47
6/30/2017,BLL_1711,0,3705.013653,0,13.6535073,0,0,-26854.26509,0,0,0,0,0,0,0,47.08333333
6/30/2017,BLL_1711,0,3653.448133,0,12.89042469,0,0,-26956.84037,0,0,0,0,0,0,0,47.16666667
6/30/2017,BLL_1711,0,3602.683549,0,11.74039222,0,0,-27058.10145,0,0,0,0,0,0,0,47.25
6/30/2017,BLL_1711,0,3552.688327,0,10.26686759,0,0,-27157.9087,0,0,0,0,0,0,0,47.33333333
6/30/2017,BLL_1711,0,3503.437857,0,8.060316695,0,0,-27256.71228,0,0,0,0,0,0,0,47.41666667
6/30/2017,BLL_1711,0,3454.884178,0,7.06804751,0,0,-27354.53825,0,0,0,0,0,0,0,47.5
6/30/2017,BLL_1711,0,3407.023662,0,6.10324488,0,0,-27451.21789,0,0,0,0,0,0,0,47.58333333
6/30/2017,BLL_1711,0,3359.852455,0,5.165283757,0,0,-27546.90934,0,0,0,0,0,0,0,47.66666667
6/30/2017,BLL_1711,0,3367.77829,0,-150.1852066,0,0,-27211.33941,0,0,0,0,0,0,0,47.75
6/30/2017,BLL_1711,0,3336.161292,0,-190.7479955,0,0,-27242.58379,0,0,0,0,0,0,0,47.83333333
6/30/2017,BLL_1711,0,3131.438133,0,-503.3435332,0,0,-20052.71218,0,0,0,0,0,0,0,47.91666667
6/30/2017,BLL_1711,0,3086.708095,0,11.14939643,0,0,-20178.44036,0,0,0,0,0,0,0,48
6/30/2017,BLL_1711,0,3042.659494,0,10.4798792,0,0,-20302.28295,0,0,0,0,0,0,0,48.08333333
6/30/2017,BLL_1711,0,2999.276317,0,9.828348306,0,0,-20424.43436,0,0,0,0,0,0,0,48.16666667
6/30/2017,BLL_1711,0,2956.543967,0,8.879294029,0,0,-20544.92717,0,0,0,0,0,0,0,48.25
6/30/2017,BLL_1711,0,2914.451364,0,7.846938738,0,0,-20663.78655,0,0,0,0,0,0,0,48.33333333
6/30/2017,BLL_1711,0,2872.988028,0,6.10935471,0,0,-20781.12789,0,0,0,0,0,0,0,48.41666667
6/30/2017,BLL_1711,0,2832.14221,0,5.311479078,0,0,-20896.64585,0,0,0,0,0,0,0,48.5
6/30/2017,BLL_1711,0,2791.90461,0,4.536631324,0,0,-21010.7089,0,0,0,0,0,0,0,48.58333333
6/30/2017,BLL_1711,0,2752.266087,0,3.784261838,0,0,-21123.41107,0,0,0,0,0,0,0,48.66666667
6/30/2017,BLL_1711,0,2800.814303,0,-103.6601457,0,0,-21272.49477,0,0,0,0,0,0,0,48.75
6/30/2017,BLL_1711,0,2904.408818,0,-102.314174,0,0,-21484.66053,0,0,0,0,0,0,0,48.83333333
6/30/2017,BLL_1711,0,2952.290783,0,-411.781687,0,0,-21521.48795,0,0,0,0,0,0,0,48.91666667
6/30/2017,BLL_1711,0,2909.337602,0,8.141845784,0,0,-21660.25096,0,0,0,0,0,0,0,49
6/30/2017,BLL_1711,0,2867.045331,0,7.650226463,0,0,-21797.03679,0,0,0,0,0,0,0,49.08333333
6/30/2017,BLL_1711,0,2825.403163,0,7.172289668,0,0,-21931.91741,0,0,0,0,0,0,0,49.16666667
6/30/2017,BLL_1711,0,2784.400553,0,6.498362475,0,0,-22064.90447,0,0,0,0,0,0,0,49.25
6/30/2017,BLL_1711,0,2744.027149,0,5.823767304,0,0,-22196.01556,0,0,0,0,0,0,0,49.33333333
6/30/2017,BLL_1711,0,2704.272789,0,4.471957888,0,0,-22325.35349,0,0,0,0,0,0,0,49.41666667
6/30/2017,BLL_1711,0,2665.127487,0,3.890168604,0,0,-22452.58685,0,0,0,0,0,0,0,49.5
6/30/2017,BLL_1711,0,2626.581431,0,3.325802147,0,0,-22578.1272,0,0,0,0,0,0,0,49.58333333
6/30/2017,BLL_1711,0,2588.624977,0,2.778417489,0,0,-22702.07873,0,0,0,0,0,0,0,49.66666667
6/30/2017,BLL_1711,0,2634.692888,0,-51.00183685,0,0,-22861.01559,0,0,0,0,0,0,0,49.75
6/30/2017,BLL_1711,0,2697.888357,0,-27.72559199,0,0,-23068.17163,0,0,0,0,0,0,0,49.83333333
6/30/2017,BLL_1711,0,2799.594384,0,-351.7700123,0,0,-23300.23837,0,0,0,0,0,0,0,49.91666667
6/30/2017,BLL_1711,0,2758.127597,0,5.702968347,0,0,-23453.29559,0,0,0,0,0,0,0,50
6/30/2017,BLL_1722,0,0,0,0,0,0,0,0,0,0,0,0,0,0,0.083333333
6/30/2017,BLL_1722,0,0,0,0,0,0,0,0,0,0,0,0,0,0,0.166666667
6/30/2017,BLL_1722,0,0,0,0,0,0,0,0,0,0,0,0,0,0,0.25
6/30/2017,BLL_1722,0,0,0,0,0,0,0,0,0,0,0,0,0,0,0.333333333
6/30/2017,BLL_1722,0,0,0,0,0,0,0,0,0,0,0,0,0,0,0.416666667
6/30/2017,BLL_1722,0,0,0,0,0,0,0,0,0,0,0,0,0,0,0.5
6/30/2017,BLL_1722,0,0,0,0,0,0,0,0,0,0,0,0,0,0,0.583333333
6/30/2017,BLL_1722,0,0,0,0,0,0,0,0,0,0,0,0,0,0,0.666666667
6/30/2017,BLL_1722,1651.707654,0,-37211.66822,0,0,-565.8699153,0,0,0,0,0,0,0,0,0.75
6/30/2017,BLL_1722,9426.195039,0,-175429.3165,0,0,-3028.342971,0,0,0,0,0,0,0,0,0.833333333
6/30/2017,BLL_1722,15160.0069,0,-140442.7358,0,0,-5776.789432,0,0,0,0,0,0,0,0,0.916666667
6/30/2017,BLL_1722,14828.83266,0,3454.418891,0,0,-6185.478502,0,0,0,0,0,0,0,0,1
6/30/2017,BLL_1722,0,14531.28537,0,3195.773907,0,0,-6210.380715,0,0,0,0,0,0,0,1.083333333
6/30/2017,BLL_1722,0,14256.43253,0,2972.346826,0,0,-6169.717379,0,0,0,0,0,0,0,1.166666667
6/30/2017,BLL_1722,0,14023.24408,0,2487.373183,0,0,-6112.653298,0,0,0,0,0,0,0,1.25
6/30/2017,BLL_1722,0,13850.1016,0,1538.225496,0,0,-6063.963792,0,0,0,0,0,0,0,1.333333333
6/30/2017,BLL_1722,0,13646.03628,0,1481.518793,0,0,-6016.717021,0,0,0,0,0,0,0,1.416666667
6/30/2017,BLL_1722,0,13444.82091,0,1391.204223,0,0,-5963.149088,0,0,0,0,0,0,0,1.5
6/30/2017,BLL_1722,0,13238.39371,0,1336.436182,0,0,-5904.050052,0,0,0,0,0,0,0,1.583333333
6/30/2017,BLL_1722,0,13038.14386,0,1179.079782,0,0,-5842.800474,0,0,0,0,0,0,0,1.666666667
6/30/2017,BLL_1722,0,12959.2106,0,-5086.486669,0,0,-5820.76164,0,0,0,0,0,0,0,1.75
6/30/2017,BLL_1722,0,13406.96316,0,-28998.5573,0,0,-5910.990626,0,0,0,0,0,0,0,1.833333333
6/30/2017,BLL_1722,0,13835.46797,0,-24015.01633,0,0,-6065.069534,0,0,0,0,0,0,0,1.916666667
6/30/2017,BLL_1722,0,13658.15024,0,1296.863858,0,0,-6056.015086,0,0,0,0,0,0,0,2
6/30/2017,BLL_1722,0,13483.60427,0,1160.90901,0,0,-6017.374722,0,0,0,0,0,0,0,2.083333333
6/30/2017,BLL_1722,0,13311.6711,0,1028.554443,0,0,-5970.114333,0,0,0,0,0,0,0,2.166666667
6/30/2017,BLL_1722,0,13142.22482,0,892.1331701,0,0,-5919.121768,0,0,0,0,0,0,0,2.25
6/30/2017,BLL_1722,0,12975.2005,0,741.0518867,0,0,-5866.582277,0,0,0,0,0,0,0,2.333333333
6/30/2017,BLL_1722,0,12810.54805,0,594.1155462,0,0,-5813.233861,0,0,0,0,0,0,0,2.416666667
6/30/2017,BLL_1722,0,12648.22589,0,468.7944276,0,0,-5759.429659,0,0,0,0,0,0,0,2.5
6/30/2017,BLL_1722,0,12488.19527,0,346.8783178,0,0,-5705.396609,0,0,0,0,0,0,0,2.583333333
6/30/2017,BLL_1722,0,12330.41882,0,228.2889986,0,0,-5651.289735,0,0,0,0,0,0,0,2.666666667
6/30/2017,BLL_1722,0,12309.58754,0,-1796.928065,0,0,-5632.824027,0,0,0,0,0,0,0,2.75
6/30/2017,BLL_1722,0,12775.92747,0,-8384.445135,0,0,-5746.889505,0,0,0,0,0,0,0,2.833333333
6/30/2017,BLL_1722,0,13205.09817,0,-8159.51874,0,0,-5907.526739,0,0,0,0,0,0,0,2.916666667
6/30/2017,BLL_1722,0,13043.06968,0,274.7985881,0,0,-5902.213007,0,0,0,0,0,0,0,3
6/30/2017,BLL_1722,0,12883.40506,0,260.6666751,0,0,-5866.58111,0,0,0,0,0,0,0,3.083333333
6/30/2017,BLL_1722,0,12725.87544,0,246.8452687,0,0,-5823.178903,0,0,0,0,0,0,0,3.166666667
6/30/2017,BLL_1722,0,12570.34992,0,228.3232405,0,0,-5776.82527,0,0,0,0,0,0,0,3.25
6/30/2017,BLL_1722,0,12416.776,0,193.0141501,0,0,-5729.526831,0,0,0,0,0,0,0,3.333333333
6/30/2017,BLL_1722,0,12265.11763,0,155.2457386,0,0,-5681.880974,0,0,0,0,0,0,0,3.416666667
6/30/2017,BLL_1722,0,12115.34735,0,136.5546325,0,0,-5634.131795,0,0,0,0,0,0,0,3.5
6/30/2017,BLL_1722,0,11967.43991,0,118.3057775,0,0,-5586.420329,0,0,0,0,0,0,0,3.583333333
6/30/2017,BLL_1722,0,11821.37078,0,100.4909489,0,0,-5538.830236,0,0,0,0,0,0,0,3.666666667
6/30/2017,BLL_1722,0,11802.17889,0,-1754.175938,0,0,-5534.093986,0,0,0,0,0,0,0,3.75
6/30/2017,BLL_1722,0,12256.46375,0,-7992.962976,0,0,-5664.895354,0,0,0,0,0,0,0,3.833333333
6/30/2017,BLL_1722,0,12687.10801,0,-7872.098739,0,0,-5838.290102,0,0,0,0,0,0,0,3.916666667
6/30/2017,BLL_1722,0,12546.74719,0,235.5767078,0,0,-5837.474025,0,0,0,0,0,0,0,4
6/30/2017,BLL_1722,0,12408.27109,0,223.7653204,0,0,-5808.588647,0,0,0,0,0,0,0,4.083333333
6/30/2017,BLL_1722,0,12271.48097,0,212.1873122,0,0,-5772.418405,0,0,0,0,0,0,0,4.166666667
6/30/2017,BLL_1722,0,12136.25554,0,196.5335657,0,0,-5733.466998,0,0,0,0,0,0,0,4.25
6/30/2017,BLL_1722,0,12002.54928,0,166.4818588,0,0,-5693.576196,0,0,0,0,0,0,0,4.333333333
6/30/2017,BLL_1722,0,11870.33354,0,134.0218904,0,0,-5653.299278,0,0,0,0,0,0,0,4.416666667
6/30/2017,BLL_1722,0,11739.58811,0,118.0461364,0,0,-5612.914263,0,0,0,0,0,0,0,4.5
6/30/2017,BLL_1722,0,11610.29503,0,102.4085596,0,0,-5572.559415,0,0,0,0,0,0,0,4.583333333
6/30/2017,BLL_1722,0,11482.43716,0,87.10358966,0,0,-5532.302347,0,0,0,0,0,0,0,4.666666667
6/30/2017,BLL_1722,0,11476.15223,0,-1712.793044,0,0,-5524.00041,0,0,0,0,0,0,0,4.75
6/30/2017,BLL_1722,0,11928.06913,0,-7729.692587,0,0,-5618.246139,0,0,0,0,0,0,0,4.833333333
6/30/2017,BLL_1722,0,12351.88174,0,-7689.471032,0,0,-5759.87815,0,0,0,0,0,0,0,4.916666667
6/30/2017,BLL_1722,0,12215.2313,0,228.8860138,0,0,-5756.804232,0,0,0,0,0,0,0,5
6/30/2017,BLL_1722,0,12080.37932,0,217.4177627,0,0,-5728.6248,0,0,0,0,0,0,0,5.083333333
6/30/2017,BLL_1722,0,11947.13666,0,206.1760765,0,0,-5694.039332,0,0,0,0,0,0,0,5.166666667
6/30/2017,BLL_1722,0,11815.40647,0,190.9716186,0,0,-5657.062788,0,0,0,0,0,0,0,5.25
6/30/2017,BLL_1722,0,11685.15087,0,161.8701289,0,0,-5619.264984,0,0,0,0,0,0,0,5.333333333
6/30/2017,BLL_1722,0,11556.34572,0,130.2493468,0,0,-5581.126072,0,0,0,0,0,0,0,5.416666667
6/30/2017,BLL_1722,0,11428.97244,0,114.7320561,0,0,-5542.846861,0,0,0,0,0,0,0,5.5
6/30/2017,BLL_1722,0,11303.01387,0,99.54323063,0,0,-5504.536268,0,0,0,0,0,0,0,5.583333333
6/30/2017,BLL_1722,0,11178.45352,0,84.67746294,0,0,-5466.262902,0,0,0,0,0,0,0,5.666666667
6/30/2017,BLL_1722,0,11172.11525,0,-1665.678557,0,0,-5459.291088,0,0,0,0,0,0,0,5.75
6/30/2017,BLL_1722,0,11615.54311,0,-7468.403495,0,0,-5547.215033,0,0,0,0,0,0,0,5.833333333
6/30/2017,BLL_1722,0,12033.24035,0,-7520.582921,0,0,-5681.618285,0,0,0,0,0,0,0,5.916666667
6/30/2017,BLL_1722,0,11900.04281,0,222.5212732,0,0,-5682.386595,0,0,0,0,0,0,0,6
6/30/2017,BLL_1722,0,11768.52823,0,211.373621,0,0,-5658.230883,0,0,0,0,0,0,0,6.083333333
6/30/2017,BLL_1722,0,11638.59256,0,200.4462121,0,0,-5627.219799,0,0,0,0,0,0,0,6.166666667
6/30/2017,BLL_1722,0,11510.13923,0,185.6639299,0,0,-5593.51436,0,0,0,0,0,0,0,6.25
6/30/2017,BLL_1722,0,11383.12775,0,157.4849544,0,0,-5558.839977,0,0,0,0,0,0,0,6.333333333
6/30/2017,BLL_1722,0,11257.5325,0,126.6511526,0,0,-5523.697709,0,0,0,0,0,0,0,6.416666667
6/30/2017,BLL_1722,0,11133.33469,0,111.5669276,0,0,-5488.302477,0,0,0,0,0,0,0,6.5
6/30/2017,BLL_1722,0,11010.51724,0,96.80205638,0,0,-5452.800496,0,0,0,0,0,0,0,6.583333333
6/30/2017,BLL_1722,0,10889.06386,0,82.35128449,0,0,-5417.28919,0,0,0,0,0,0,0,6.666666667
6/30/2017,BLL_1722,0,10882.62641,0,-1620.628248,0,0,-5413.078269,0,0,0,0,0,0,0,6.75
6/30/2017,BLL_1722,0,11316.30449,0,-7179.766809,0,0,-5512.354855,0,0,0,0,0,0,0,6.833333333
6/30/2017,BLL_1722,0,11727.17538,0,-7350.25351,0,0,-5657.154499,0,0,0,0,0,0,0,6.916666667
6/30/2017,BLL_1722,0,11597.09456,0,215.913204,0,0,-5662.576175,0,0,0,0,0,0,0,7
6/30/2017,BLL_1722,0,11468.71496,0,205.0794128,0,0,-5642.100809,0,0,0,0,0,0,0,7.083333333
6/30/2017,BLL_1722,0,11341.91174,0,194.4597762,0,0,-5614.236108,0,0,0,0,0,0,0,7.166666667
6/30/2017,BLL_1722,0,11216.56911,0,180.0887648,0,0,-5583.39059,0,0,0,0,0,0,0,7.25
6/30/2017,BLL_1722,0,11092.64044,0,152.9092947,0,0,-5551.445783,0,0,0,0,0,0,0,7.333333333
6/30/2017,BLL_1722,0,10970.09709,0,122.880229,0,0,-5518.963125,0,0,0,0,0,0,0,7.416666667
6/30/2017,BLL_1722,0,10848.91972,0,108.2353584,0,0,-5486.192377,0,0,0,0,0,0,0,7.5
6/30/2017,BLL_1722,0,10729.09115,0,93.90068246,0,0,-5453.281791,0,0,0,0,0,0,0,7.583333333
6/30/2017,BLL_1722,0,10610.59514,0,79.87109762,0,0,-5420.309699,0,0,0,0,0,0,0,7.666666667
6/30/2017,BLL_1722,0,10604.03194,0,-1577.51503,0,0,-5416.248679,0,0,0,0,0,0,0,7.75
6/30/2017,BLL_1722,0,11026.26046,0,-6879.147979,0,0,-5506.834485,0,0,0,0,0,0,0,7.833333333
6/30/2017,BLL_1722,0,11430.69,0,-7170.567233,0,0,-5640.131218,0,0,0,0,0,0,0,7.916666667
6/30/2017,BLL_1722,0,11303.82176,0,209.001717,0,0,-5641.551528,0,0,0,0,0,0,0,8
6/30/2017,BLL_1722,0,11178.58606,0,198.5049041,0,0,-5620.463984,0,0,0,0,0,0,0,8.083333333
6/30/2017,BLL_1722,0,11054.8622,0,188.2157174,0,0,-5593.374375,0,0,0,0,0,0,0,8.166666667
6/30/2017,BLL_1722,0,10932.55106,0,174.2742823,0,0,-5563.854792,0,0,0,0,0,0,0,8.25
6/30/2017,BLL_1722,0,10811.61563,0,148.1269898,0,0,-5533.461044,0,0,0,0,0,0,0,8.333333333
6/30/2017,BLL_1722,0,10692.03109,0,118.9501781,0,0,-5502.676988,0,0,0,0,0,0,0,8.416666667
6/30/2017,BLL_1722,0,10573.77962,0,104.7699299,0,0,-5471.704421,0,0,0,0,0,0,0,8.5
6/30/2017,BLL_1722,0,10456.84486,0,90.89021943,0,0,-5440.643149,0,0,0,0,0,0,0,8.583333333
6/30/2017,BLL_1722,0,10341.21118,0,77.30610059,0,0,-5409.557673,0,0,0,0,0,0,0,8.666666667
6/30/2017,BLL_1722,0,10334.53666,0,-1534.689995,0,0,-5406.907252,0,0,0,0,0,0,0,8.75
6/30/2017,BLL_1722,0,10748.2672,0,-6605.743833,0,0,-5495.687453,0,0,0,0,0,0,0,8.833333333
6/30/2017,BLL_1722,0,11146.06833,0,-6975.729404,0,0,-5631.851162,0,0,0,0,0,0,0,8.916666667
6/30/2017,BLL_1722,0,11022.13422,0,202.1830917,0,0,-5634.322063,0,0,0,0,0,0,0,9
6/30/2017,BLL_1722,0,10899.8375,0,192.0291338,0,0,-5614.711494,0,0,0,0,0,0,0,9.083333333
6/30/2017,BLL_1722,0,10779.02847,0,182.076148,0,0,-5589.311038,0,0,0,0,0,0,0,9.166666667
6/30/2017,BLL_1722,0,10659.60227,0,168.5705229,0,0,-5561.601838,0,0,0,0,0,0,0,9.25
6/30/2017,BLL_1722,0,10541.52129,0,143.3761849,0,0,-5533.074771,0,0,0,0,0,0,0,9.333333333
6/30/2017,BLL_1722,0,10424.76071,0,115.0842999,0,0,-5504.173632,0,0,0,0,0,0,0,9.416666667
6/30/2017,BLL_1722,0,10309.30286,0,101.3682724,0,0,-5475.090053,0,0,0,0,0,0,0,9.5
6/30/2017,BLL_1722,0,10195.13184,0,87.94315354,0,0,-5445.940743,0,0,0,0,0,0,0,9.583333333
6/30/2017,BLL_1722,0,10082.23238,0,74.8041529,0,0,-5416.782535,0,0,0,0,0,0,0,9.666666667
6/30/2017,BLL_1722,0,10075.41322,0,-1485.725085,0,0,-5415.714356,0,0,0,0,0,0,0,9.75
6/30/2017,BLL_1722,0,10480.78597,0,-6338.990784,0,0,-5510.301536,0,0,0,0,0,0,0,9.833333333
6/30/2017,BLL_1722,0,10872.02006,0,-6762.145773,0,0,-5641.604182,0,0,0,0,0,0,0,9.916666667
6/30/2017,BLL_1722,0,10751.02243,0,195.193264,0,0,-5642.212403,0,0,0,0,0,0,0,10
6/30/2017,BLL_1722,0,10631.60175,0,185.3741741,0,0,-5623.514926,0,0,0,0,0,0,0,10.08333333
6/30/2017,BLL_1722,0,10513.60239,0,175.7496256,0,0,-5599.650068,0,0,0,0,0,0,0,10.16666667
6/30/2017,BLL_1722,0,10396.94518,0,162.6907362,0,0,-5573.595484,0,0,0,0,0,0,0,10.25
6/30/2017,BLL_1722,0,10281.59932,0,138.4496368,0,0,-5546.694727,0,0,0,0,0,0,0,10.33333333
6/30/2017,BLL_1722,0,10167.5432,0,111.0848466,0,0,-5519.425397,0,0,0,0,0,0,0,10.41666667
6/30/2017,BLL_1722,0,10054.76026,0,97.83512754,0,0,-5492.001219,0,0,0,0,0,0,0,10.5
6/30/2017,BLL_1722,0,9943.235333,0,84.8666842,0,0,-5464.525674,0,0,0,0,0,0,0,10.58333333
6/30/2017,BLL_1722,0,9832.953751,0,72.17488142,0,0,-5437.049265,0,0,0,0,0,0,0,10.66666667
6/30/2017,BLL_1722,0,9825.955641,0,-1436.397854,0,0,-5436.8518,0,0,0,0,0,0,0,10.75
6/30/2017,BLL_1722,0,10221.70064,0,-6069.229051,0,0,-5526.563952,0,0,0,0,0,0,0,10.83333333
6/30/2017,BLL_1722,0,10604.85719,0,-6526.010476,0,0,-5651.534149,0,0,0,0,0,0,0,10.91666667
6/30/2017,BLL_1722,0,10486.66476,0,187.8664401,0,0,-5656.195933,0,0,0,0,0,0,0,11
6/30/2017,BLL_1722,0,10369.93616,0,178.4008307,0,0,-5641.766225,0,0,0,0,0,0,0,11.08333333
6/30/2017,BLL_1722,0,10254.60284,0,169.1229675,0,0,-5621.707067,0,0,0,0,0,0,0,11.16666667
6/30/2017,BLL_1722,0,10140.59097,0,156.5248972,0,0,-5599.264408,0,0,0,0,0,0,0,11.25
6/30/2017,BLL_1722,0,10027.8671,0,133.2587076,0,0,-5575.915635,0,0,0,0,0,0,0,11.33333333
6/30/2017,BLL_1722,0,9916.407907,0,106.8910521,0,0,-5552.113836,0,0,0,0,0,0,0,11.41666667
6/30/2017,BLL_1722,0,9806.196506,0,94.13155358,0,0,-5528.057344,0,0,0,0,0,0,0,11.5
6/30/2017,BLL_1722,0,9697.2175,0,81.64321623,0,0,-5503.843735,0,0,0,0,0,0,0,11.58333333
6/30/2017,BLL_1722,0,9589.456281,0,69.42156712,0,0,-5479.537505,0,0,0,0,0,0,0,11.66666667
6/30/2017,BLL_1722,0,9582.251191,0,-1388.337432,0,0,-5481.801128,0,0,0,0,0,0,0,11.75
6/30/2017,BLL_1722,0,9968.632811,0,-5798.305184,0,0,-5576.780514,0,0,0,0,0,0,0,11.83333333
6/30/2017,BLL_1722,0,10344.33396,0,-6280.218586,0,0,-5714.82533,0,0,0,0,0,0,0,11.91666667
6/30/2017,BLL_1722,0,10228.61758,0,180.3634478,0,0,-5722.311725,0,0,0,0,0,0,0,12
6/30/2017,BLL_1722,0,10114.43483,0,171.2649767,0,0,-5710.21651,0,0,0,0,0,0,0,12.08333333
6/30/2017,BLL_1722,0,10001.67128,0,162.3472071,0,0,-5692.703602,0,0,0,0,0,0,0,12.16666667
6/30/2017,BLL_1722,0,9890.213521,0,150.2207368,0,0,-5672.900725,0,0,0,0,0,0,0,12.25
6/30/2017,BLL_1722,0,9780.021674,0,127.9461108,0,0,-5652.199464,0,0,0,0,0,0,0,12.33333333
6/30/2017,BLL_1722,0,9671.070854,0,102.6023508,0,0,-5631.02203,0,0,0,0,0,0,0,12.41666667
6/30/2017,BLL_1722,0,9563.343933,0,90.3475184,0,0,-5609.56374,0,0,0,0,0,0,0,12.5
6/30/2017,BLL_1722,0,9456.825323,0,78.35344811,0,0,-5587.942036,0,0,0,0,0,0,0,12.58333333
6/30/2017,BLL_1722,0,9351.500436,0,66.61583323,0,0,-5566.216824,0,0,0,0,0,0,0,12.66666667
6/30/2017,BLL_1722,0,9343.368697,0,-1330.389784,0,0,-5571.277689,0,0,0,0,0,0,0,12.75
6/30/2017,BLL_1722,0,9719.586044,0,-5527.512053,0,0,-5666.858061,0,0,0,0,0,0,0,12.83333333
6/30/2017,BLL_1722,0,10087.36872,0,-6017.425907,0,0,-5794.771119,0,0,0,0,0,0,0,12.91666667
6/30/2017,BLL_1722,0,9974.450892,0,172.5423395,0,0,-5799.006375,0,0,0,0,0,0,0,13
6/30/2017,BLL_1722,0,9862.933323,0,163.8180624,0,0,-5786.926128,0,0,0,0,0,0,0,13.08333333
6/30/2017,BLL_1722,0,9752.754791,0,155.2673107,0,0,-5770.566614,0,0,0,0,0,0,0,13.16666667
6/30/2017,BLL_1722,0,9643.839141,0,143.6501972,0,0,-5752.415321,0,0,0,0,0,0,0,13.25
6/30/2017,BLL_1722,0,9536.156745,0,122.3776235,0,0,-5733.525097,0,0,0,0,0,0,0,13.33333333
6/30/2017,BLL_1722,0,9429.687706,0,98.11634402,0,0,-5714.216002,0,0,0,0,0,0,0,13.41666667
6/30/2017,BLL_1722,0,9324.416572,0,86.38264444,0,0,-5694.645545,0,0,0,0,0,0,0,13.5
6/30/2017,BLL_1722,0,9220.328414,0,74.89894406,0,0,-5674.907674,0,0,0,0,0,0,0,13.58333333
6/30/2017,BLL_1722,0,9117.409166,0,63.66110867,0,0,-5655.053197,0,0,0,0,0,0,0,13.66666667
6/30/2017,BLL_1722,0,9109.027999,0,-1271.358216,0,0,-5661.643068,0,0,0,0,0,0,0,13.75
6/30/2017,BLL_1722,0,9434.392816,0,-5274.727495,0,0,-5672.945199,0,0,0,0,0,0,0,13.83333333
6/30/2017,BLL_1722,0,9795.194986,0,-5728.073857,0,0,-5802.231991,0,0,0,0,0,0,0,13.91666667
6/30/2017,BLL_1722,0,9685.223035,0,164.5388415,0,0,-5809.065516,0,0,0,0,0,0,0,14
6/30/2017,BLL_1722,0,9576.571512,0,156.2088345,0,0,-5799.16228,0,0,0,0,0,0,0,14.08333333
6/30/2017,BLL_1722,0,9469.237869,0,148.0447455,0,0,-5784.783186,0,0,0,0,0,0,0,14.16666667
6/30/2017,BLL_1722,0,9363.148958,0,136.9509893,0,0,-5768.637338,0,0,0,0,0,0,0,14.25
6/30/2017,BLL_1722,0,9258.268854,0,116.6429604,0,0,-5751.662532,0,0,0,0,0,0,0,14.33333333
6/30/2017,BLL_1722,0,9154.576106,0,93.53861938,0,0,-5733.629577,0,0,0,0,0,0,0,14.41666667
6/30/2017,BLL_1722,0,9052.054938,0,82.34469465,0,0,-5714.762531,0,0,0,0,0,0,0,14.5
6/30/2017,BLL_1722,0,8950.690245,0,71.38960635,0,0,-5695.508426,0,0,0,0,0,0,0,14.58333333
6/30/2017,BLL_1722,0,8850.468087,0,60.66939923,0,0,-5676.13548,0,0,0,0,0,0,0,14.66666667
6/30/2017,BLL_1722,0,8842.188414,0,-1214.451966,0,0,-5681.659138,0,0,0,0,0,0,0,14.75
6/30/2017,BLL_1722,0,9197.969274,0,-5027.446421,0,0,-5776.229011,0,0,0,0,0,0,0,14.83333333
6/30/2017,BLL_1722,0,9551.997928,0,-5444.218792,0,0,-5912.139124,0,0,0,0,0,0,0,14.91666667
6/30/2017,BLL_1722,0,9444.341762,0,156.6629718,0,0,-5918.443062,0,0,0,0,0,0,0,15
6/30/2017,BLL_1722,0,9338.104504,0,148.7243998,0,0,-5908.426328,0,0,0,0,0,0,0,15.08333333
6/30/2017,BLL_1722,0,9233.168558,0,140.9441925,0,0,-5894.427351,0,0,0,0,0,0,0,15.16666667
6/30/2017,BLL_1722,0,9129.443704,0,130.3662013,0,0,-5878.905177,0,0,0,0,0,0,0,15.25
6/30/2017,BLL_1722,0,9026.898739,0,111.0235347,0,0,-5862.695987,0,0,0,0,0,0,0,15.33333333
6/30/2017,BLL_1722,0,8925.516461,0,89.03827365,0,0,-5846.014724,0,0,0,0,0,0,0,15.41666667
6/30/2017,BLL_1722,0,8825.282638,0,78.37687335,0,0,-5829.036093,0,0,0,0,0,0,0,15.5
6/30/2017,BLL_1722,0,8726.18255,0,67.9432989,0,0,-5811.868326,0,0,0,0,0,0,0,15.58333333
6/30/2017,BLL_1722,0,8628.202713,0,57.73377133,0,0,-5794.556739,0,0,0,0,0,0,0,15.66666667
6/30/2017,BLL_1722,0,8619.627639,0,-1159.488239,0,0,-5803.263582,0,0,0,0,0,0,0,15.75
6/30/2017,BLL_1722,0,8964.095393,0,-4759.501229,0,0,-5897.213842,0,0,0,0,0,0,0,15.83333333
6/30/2017,BLL_1722,0,9310.487364,0,-5161.115532,0,0,-6028.03485,0,0,0,0,0,0,0,15.91666667
6/30/2017,BLL_1722,0,9205.329542,0,148.646535,0,0,-6034.22206,0,0,0,0,0,0,0,16
6/30/2017,BLL_1722,0,9101.512083,0,141.0942179,0,0,-6026.529497,0,0,0,0,0,0,0,16.08333333
6/30/2017,BLL_1722,0,8998.944323,0,133.6928435,0,0,-6014.961531,0,0,0,0,0,0,0,16.16666667
6/30/2017,BLL_1722,0,8897.559477,0,123.6210909,0,0,-6001.763498,0,0,0,0,0,0,0,16.25
6/30/2017,BLL_1722,0,8797.331006,0,105.2930709,0,0,-5987.818263,0,0,0,0,0,0,0,16.33333333
6/30/2017,BLL_1722,0,8698.241916,0,84.43665593,0,0,-5973.366913,0,0,0,0,0,0,0,16.41666667
6/30/2017,BLL_1722,0,8600.277922,0,74.3106792,0,0,-5958.582607,0,0,0,0,0,0,0,16.5
6/30/2017,BLL_1722,0,8503.424992,0,64.40147224,0,0,-5943.578393,0,0,0,0,0,0,0,16.58333333
6/30/2017,BLL_1722,0,8407.66996,0,54.70543288,0,0,-5928.396955,0,0,0,0,0,0,0,16.66666667
6/30/2017,BLL_1722,0,8398.636461,0,-1104.787795,0,0,-5938.018833,0,0,0,0,0,0,0,16.75
6/30/2017,BLL_1722,0,8734.335661,0,-4487.473198,0,0,-6035.933665,0,0,0,0,0,0,0,16.83333333
6/30/2017,BLL_1722,0,9073.192374,0,-4887.656231,0,0,-6165.541424,0,0,0,0,0,0,0,16.91666667
6/30/2017,BLL_1722,0,8970.500976,0,140.6401797,0,0,-6174.250138,0,0,0,0,0,0,0,17
6/30/2017,BLL_1722,0,8869.045165,0,133.4866262,0,0,-6168.60424,0,0,0,0,0,0,0,17.08333333
6/30/2017,BLL_1722,0,8768.813038,0,126.4763179,0,0,-6158.946548,0,0,0,0,0,0,0,17.16666667
6/30/2017,BLL_1722,0,8669.737662,0,116.9235681,0,0,-6147.569321,0,0,0,0,0,0,0,17.25
6/30/2017,BLL_1722,0,8571.796068,0,99.61629063,0,0,-6135.457606,0,0,0,0,0,0,0,17.33333333
6/30/2017,BLL_1722,0,8474.970191,0,79.86923726,0,0,-6122.848083,0,0,0,0,0,0,0,17.41666667
6/30/2017,BLL_1722,0,8379.245379,0,70.28526504,0,0,-6109.891212,0,0,0,0,0,0,0,17.5
6/30/2017,BLL_1722,0,8284.608656,0,60.90685272,0,0,-6096.705952,0,0,0,0,0,0,0,17.58333333
6/30/2017,BLL_1722,0,8191.04717,0,51.7305776,0,0,-6083.333788,0,0,0,0,0,0,0,17.66666667
6/30/2017,BLL_1722,0,8180.453196,0,-1038.024246,0,0,-6094.209036,0,0,0,0,0,0,0,17.75
6/30/2017,BLL_1722,0,8507.0839,0,-4209.88069,0,0,-6198.749219,0,0,0,0,0,0,0,17.83333333
6/30/2017,BLL_1722,0,8836.004959,0,-4596.323189,0,0,-6330.170153,0,0,0,0,0,0,0,17.91666667
6/30/2017,BLL_1722,0,8735.633589,0,132.2843256,0,0,-6335.756613,0,0,0,0,0,0,0,18
6/30/2017,BLL_1722,0,8636.548035,0,125.5259931,0,0,-6328.327872,0,0,0,0,0,0,0,18.08333333
6/30/2017,BLL_1722,0,8538.654535,0,118.9033235,0,0,-6317.85917,0,0,0,0,0,0,0,18.16666667
6/30/2017,BLL_1722,0,8441.88042,0,109.9026042,0,0,-6306.100039,0,0,0,0,0,0,0,18.25
6/30/2017,BLL_1722,0,8346.210719,0,93.63650873,0,0,-6293.757944,0,0,0,0,0,0,0,18.33333333
6/30/2017,BLL_1722,0,8251.631469,0,75.06582308,0,0,-6281.021967,0,0,0,0,0,0,0,18.41666667
6/30/2017,BLL_1722,0,8158.129548,0,66.03591345,0,0,-6267.985051,0,0,0,0,0,0,0,18.5
6/30/2017,BLL_1722,0,8065.692851,0,57.20009136,0,0,-6254.751112,0,0,0,0,0,0,0,18.58333333
6/30/2017,BLL_1722,0,7974.30906,0,48.55511819,0,0,-6241.347044,0,0,0,0,0,0,0,18.66666667
6/30/2017,BLL_1722,0,7963.388427,0,-972.1890758,0,0,-6252.195069,0,0,0,0,0,0,0,18.75
6/30/2017,BLL_1722,0,8027.561108,0,-3930.884195,0,0,-5933.275156,0,0,0,0,0,0,0,18.83333333
6/30/2017,BLL_1722,0,8328.431437,0,-4302.888017,0,0,-6064.24101,0,0,0,0,0,0,0,18.91666667
6/30/2017,BLL_1722,0,8233.347999,0,123.7508256,0,0,-6074.44591,0,0,0,0,0,0,0,19
6/30/2017,BLL_1722,0,8139.52445,0,117.422827,0,0,-6070.336268,0,0,0,0,0,0,0,19.08333333
6/30/2017,BLL_1722,0,8046.881762,0,111.222106,0,0,-6062.455366,0,0,0,0,0,0,0,19.16666667
6/30/2017,BLL_1722,0,7955.328747,0,102.7940619,0,0,-6053.059456,0,0,0,0,0,0,0,19.25
6/30/2017,BLL_1722,0,7864.83394,0,87.58831536,0,0,-6042.931895,0,0,0,0,0,0,0,19.33333333
6/30/2017,BLL_1722,0,7775.379021,0,70.21169675,0,0,-6032.300709,0,0,0,0,0,0,0,19.41666667
6/30/2017,BLL_1722,0,7686.949712,0,61.76249351,0,0,-6021.182922,0,0,0,0,0,0,0,19.5
6/30/2017,BLL_1722,0,7599.533445,0,53.49526955,0,0,-6009.712011,0,0,0,0,0,0,0,19.58333333
6/30/2017,BLL_1722,0,7513.117836,0,45.40698185,0,0,-5998.030819,0,0,0,0,0,0,0,19.66666667
6/30/2017,BLL_1722,0,7504.679305,0,-909.6629342,0,0,-6009.973742,0,0,0,0,0,0,0,19.75
6/30/2017,BLL_1722,0,7649.09044,0,-3677.449833,0,0,-5896.357047,0,0,0,0,0,0,0,19.83333333
6/30/2017,BLL_1722,0,7966.449862,0,-4014.962778,0,0,-6032.090358,0,0,0,0,0,0,0,19.91666667
6/30/2017,BLL_1722,0,7875.394016,0,115.6529983,0,0,-6043.991769,0,0,0,0,0,0,0,20
6/30/2017,BLL_1722,0,7785.510342,0,109.7323877,0,0,-6043.290543,0,0,0,0,0,0,0,20.08333333
6/30/2017,BLL_1722,0,7696.735606,0,103.9311012,0,0,-6038.952459,0,0,0,0,0,0,0,20.16666667
6/30/2017,BLL_1722,0,7609.006839,0,96.04716255,0,0,-6033.047278,0,0,0,0,0,0,0,20.25
6/30/2017,BLL_1722,0,7522.295648,0,81.82328488,0,0,-6026.327824,0,0,0,0,0,0,0,20.33333333
6/30/2017,BLL_1722,0,7436.584268,0,65.59913461,0,0,-6019.015641,0,0,0,0,0,0,0,20.41666667
6/30/2017,BLL_1722,0,7351.858776,0,57.7002003,0,0,-6011.240771,0,0,0,0,0,0,0,20.5
6/30/2017,BLL_1722,0,7268.106729,0,49.97174285,0,0,-6003.135149,0,0,0,0,0,0,0,20.58333333
6/30/2017,BLL_1722,0,7185.315938,0,42.41090554,0,0,-5994.751171,0,0,0,0,0,0,0,20.66666667
6/30/2017,BLL_1722,0,7178.07372,0,-849.6907059,0,0,-6010.687211,0,0,0,0,0,0,0,20.75
6/30/2017,BLL_1722,0,7446.059721,0,-3433.100055,0,0,-6108.559568,0,0,0,0,0,0,0,20.83333333
6/30/2017,BLL_1722,0,7740.230574,0,-3729.008943,0,0,-6218.608822,0,0,0,0,0,0,0,20.91666667
6/30/2017,BLL_1722,0,7651.357898,0,107.782221,0,0,-6235.757149,0,0,0,0,0,0,0,21
6/30/2017,BLL_1722,0,7563.588393,0,102.2499406,0,0,-6240.401637,0,0,0,0,0,0,0,21.08333333
6/30/2017,BLL_1722,0,7476.912605,0,96.82943313,0,0,-6240.460339,0,0,0,0,0,0,0,21.16666667
6/30/2017,BLL_1722,0,7391.277687,0,89.46507945,0,0,-6238.327738,0,0,0,0,0,0,0,21.25
6/30/2017,BLL_1722,0,7306.649936,0,76.19529331,0,0,-6235.047109,0,0,0,0,0,0,0,21.33333333
6/30/2017,BLL_1722,0,7223.00687,0,61.09805658,0,0,-6230.859503,0,0,0,0,0,0,0,21.41666667
6/30/2017,BLL_1722,0,7140.333008,0,53.72957127,0,0,-6225.939941,0,0,0,0,0,0,0,21.5
6/30/2017,BLL_1722,0,7058.61531,0,46.5205007,0,0,-6220.55433,0,0,0,0,0,0,0,21.58333333
6/30/2017,BLL_1722,0,6977.841201,0,39.46816816,0,0,-6214.787658,0,0,0,0,0,0,0,21.66666667
6/30/2017,BLL_1722,0,6970.079902,0,-790.3831109,0,0,-6231.934657,0,0,0,0,0,0,0,21.75
6/30/2017,BLL_1722,0,7231.169595,0,-3186.710497,0,0,-6335.98385,0,0,0,0,0,0,0,21.83333333
6/30/2017,BLL_1722,0,7531.587349,0,-3461.130345,0,0,-6477.285892,0,0,0,0,0,0,0,21.91666667
6/30/2017,BLL_1722,0,7444.60606,0,100.100892,0,0,-6492.191294,0,0,0,0,0,0,0,22
6/30/2017,BLL_1722,0,7358.832526,0,94.95334219,0,0,-6495.547846,0,0,0,0,0,0,0,22.08333333
6/30/2017,BLL_1722,0,7274.15971,0,89.91006099,0,0,-6495.183388,0,0,0,0,0,0,0,22.16666667
6/30/2017,BLL_1722,0,7190.500801,0,83.06146176,0,0,-6493.072426,0,0,0,0,0,0,0,22.25
6/30/2017,BLL_1722,0,7107.824526,0,70.74493705,0,0,-6490.021213,0,0,0,0,0,0,0,22.33333333
6/30/2017,BLL_1722,0,7026.1118,0,56.72134534,0,0,-6486.269829,0,0,0,0,0,0,0,22.41666667
6/30/2017,BLL_1722,0,6945.348753,0,49.87364706,0,0,-6481.95445,0,0,0,0,0,0,0,22.5
6/30/2017,BLL_1722,0,6865.522961,0,43.17446952,0,0,-6477.207166,0,0,0,0,0,0,0,22.58333333
6/30/2017,BLL_1722,0,6786.622775,0,36.62131141,0,0,-6472.088531,0,0,0,0,0,0,0,22.66666667
6/30/2017,BLL_1722,0,6778.558416,0,-732.8929376,0,0,-6491.370013,0,0,0,0,0,0,0,22.75
6/30/2017,BLL_1722,0,7032.610095,0,-2945.314161,0,0,-6595.18414,0,0,0,0,0,0,0,22.83333333
6/30/2017,BLL_1722,0,7325.211191,0,-3195.67404,0,0,-6733.011063,0,0,0,0,0,0,0,22.91666667
6/30/2017,BLL_1722,0,7240.33087,0,92.57553341,0,0,-6745.669598,0,0,0,0,0,0,0,23
6/30/2017,BLL_1722,0,7156.589925,0,87.80128515,0,0,-6747.94871,0,0,0,0,0,0,0,23.08333333
6/30/2017,BLL_1722,0,7073.89895,0,83.12401669,0,0,-6747.209495,0,0,0,0,0,0,0,23.16666667
6/30/2017,BLL_1722,0,6992.187941,0,76.77461098,0,0,-6745.06209,0,0,0,0,0,0,0,23.25
6/30/2017,BLL_1722,0,6911.434577,0,65.38374558,0,0,-6742.131528,0,0,0,0,0,0,0,23.33333333
6/30/2017,BLL_1722,0,6831.624018,0,52.42619683,0,0,-6738.589512,0,0,0,0,0,0,0,23.41666667
6/30/2017,BLL_1722,0,6752.743972,0,46.0869068,0,0,-6734.546892,0,0,0,0,0,0,0,23.5
6/30/2017,BLL_1722,0,6674.782693,0,39.88549,0,0,-6730.119568,0,0,0,0,0,0,0,23.58333333
6/30/2017,BLL_1722,0,6597.729017,0,33.81961802,0,0,-6725.358539,0,0,0,0,0,0,0,23.66666667
6/30/2017,BLL_1722,0,6589.219365,0,-675.3079352,0,0,-6743.427193,0,0,0,0,0,0,0,23.75
6/30/2017,BLL_1722,0,6836.546928,0,-2708.994217,0,0,-6848.257413,0,0,0,0,0,0,0,23.83333333
6/30/2017,BLL_1722,0,7101.159407,0,-2937.365886,0,0,-6951.323813,0,0,0,0,0,0,0,23.91666667
6/30/2017,BLL_1722,0,7018.356484,0,85.19436754,0,0,-6969.872377,0,0,0,0,0,0,0,24
6/30/2017,BLL_1722,0,6936.596036,0,80.78966513,0,0,-6976.045206,0,0,0,0,0,0,0,24.08333333
6/30/2017,BLL_1722,0,6855.913896,0,76.47470111,0,0,-6978.092255,0,0,0,0,0,0,0,24.16666667
6/30/2017,BLL_1722,0,6776.231532,0,70.62236419,0,0,-6978.227494,0,0,0,0,0,0,0,24.25
6/30/2017,BLL_1722,0,6697.506323,0,60.14178388,0,0,-6977.31856,0,0,0,0,0,0,0,24.33333333
6/30/2017,BLL_1722,0,6619.713847,0,48.22101784,0,0,-6975.590669,0,0,0,0,0,0,0,24.41666667
6/30/2017,BLL_1722,0,6542.839108,0,42.38199374,0,0,-6973.234262,0,0,0,0,0,0,0,24.5
6/30/2017,BLL_1722,0,6466.868573,0,36.67032055,0,0,-6970.382619,0,0,0,0,0,0,0,24.58333333
6/30/2017,BLL_1722,0,6391.790174,0,31.08384163,0,0,-6967.102553,0,0,0,0,0,0,0,24.66666667
6/30/2017,BLL_1722,0,6383.005625,0,-619.57085,0,0,-6987.717175,0,0,0,0,0,0,0,24.75
6/30/2017,BLL_1722,0,6624.01956,0,-2482.19414,0,0,-7101.094953,0,0,0,0,0,0,0,24.83333333
6/30/2017,BLL_1722,0,6730.506192,0,-2688.5027,0,0,-7009.394915,0,0,0,0,0,0,0,24.91666667
6/30/2017,BLL_1722,0,6651.58626,0,78.06394983,0,0,-7029.398629,0,0,0,0,0,0,0,25
6/30/2017,BLL_1722,0,6573.72197,0,74.021545,0,0,-7038.200906,0,0,0,0,0,0,0,25.08333333
6/30/2017,BLL_1722,0,6496.87226,0,70.06171986,0,0,-7042.945724,0,0,0,0,0,0,0,25.16666667
6/30/2017,BLL_1722,0,6420.975539,0,64.69315228,0,0,-7045.687428,0,0,0,0,0,0,0,25.25
6/30/2017,BLL_1722,0,6345.995809,0,55.09025099,0,0,-7047.288534,0,0,0,0,0,0,0,25.33333333
6/30/2017,BLL_1722,0,6271.910529,0,44.16949526,0,0,-7047.98226,0,0,0,0,0,0,0,25.41666667
6/30/2017,BLL_1722,0,6198.705318,0,38.81653578,0,0,-7047.95928,0,0,0,0,0,0,0,25.5
6/30/2017,BLL_1722,0,6126.367095,0,33.58063962,0,0,-7047.368471,0,0,0,0,0,0,0,25.58333333
6/30/2017,BLL_1722,0,6054.884051,0,28.45981932,0,0,-7046.278401,0,0,0,0,0,0,0,25.66666667
6/30/2017,BLL_1722,0,6047.455005,0,-566.3093742,0,0,-7068.636781,0,0,0,0,0,0,0,25.75
6/30/2017,BLL_1722,0,6282.765664,0,-2266.2556,0,0,-7186.272893,0,0,0,0,0,0,0,25.83333333
6/30/2017,BLL_1722,0,6536.349023,0,-2458.570507,0,0,-7330.734913,0,0,0,0,0,0,0,25.91666667
6/30/2017,BLL_1722,0,6459.307834,0,71.37656158,0,0,-7350.575785,0,0,0,0,0,0,0,26
6/30/2017,BLL_1722,0,6383.233278,0,67.67134509,0,0,-7361.966031,0,0,0,0,0,0,0,26.08333333
6/30/2017,BLL_1722,0,6308.118234,0,64.04203523,0,0,-7368.812474,0,0,0,0,0,0,0,26.16666667
6/30/2017,BLL_1722,0,6233.952593,0,59.12701246,0,0,-7373.185177,0,0,0,0,0,0,0,26.25
6/30/2017,BLL_1722,0,6160.698727,0,50.35269634,0,0,-7376.144369,0,0,0,0,0,0,0,26.33333333
6/30/2017,BLL_1722,0,6088.329576,0,40.36741803,0,0,-7378.032304,0,0,0,0,0,0,0,26.41666667
6/30/2017,BLL_1722,0,6016.828566,0,35.46894486,0,0,-7379.055221,0,0,0,0,0,0,0,26.5
6/30/2017,BLL_1722,0,5946.182291,0,30.67788477,0,0,-7379.40311,0,0,0,0,0,0,0,26.58333333
6/30/2017,BLL_1722,0,5876.378228,0,25.99240967,0,0,-7379.158337,0,0,0,0,0,0,0,26.66666667
6/30/2017,BLL_1722,0,5868.522489,0,-516.3751109,0,0,-7401.684513,0,0,0,0,0,0,0,26.75
6/30/2017,BLL_1722,0,5962.452589,0,-2056.099075,0,0,-7274.855981,0,0,0,0,0,0,0,26.83333333
6/30/2017,BLL_1722,0,6210.991344,0,-2238.660825,0,0,-7417.900105,0,0,0,0,0,0,0,26.91666667
6/30/2017,BLL_1722,0,6137.216604,0,64.93321202,0,0,-7439.540806,0,0,0,0,0,0,0,27
6/30/2017,BLL_1722,0,6064.323464,0,61.55589914,0,0,-7452.459561,0,0,0,0,0,0,0,27.08333333
6/30/2017,BLL_1722,0,5992.386236,0,58.24795866,0,0,-7460.512273,0,0,0,0,0,0,0,27.16666667
6/30/2017,BLL_1722,0,5921.386453,0,53.76869962,0,0,-7465.865196,0,0,0,0,0,0,0,27.25
6/30/2017,BLL_1722,0,5851.278737,0,45.79719571,0,0,-7469.673936,0,0,0,0,0,0,0,27.33333333
6/30/2017,BLL_1722,0,5782.030152,0,36.7100071,0,0,-7472.321215,0,0,0,0,0,0,0,27.41666667
6/30/2017,BLL_1722,0,5713.622053,0,32.25096865,0,0,-7474.025082,0,0,0,0,0,0,0,27.5
6/30/2017,BLL_1722,0,5646.040768,0,27.88996722,0,0,-7474.997042,0,0,0,0,0,0,0,27.58333333
6/30/2017,BLL_1722,0,5579.273234,0,23.6253308,0,0,-7475.328157,0,0,0,0,0,0,0,27.66666667
6/30/2017,BLL_1722,0,5572.256848,0,-468.1980378,0,0,-7498.515883,0,0,0,0,0,0,0,27.75
6/30/2017,BLL_1722,0,5688.155857,0,-1869.516156,0,0,-7329.800747,0,0,0,0,0,0,0,27.83333333
6/30/2017,BLL_1722,0,5931.217622,0,-2026.506073,0,0,-7471.317472,0,0,0,0,0,0,0,27.91666667
6/30/2017,BLL_1722,0,5860.437356,0,58.9154217,0,0,-7488.625643,0,0,0,0,0,0,0,28
6/30/2017,BLL_1722,0,5790.507096,0,55.84626541,0,0,-7498.547387,0,0,0,0,0,0,0,28.08333333
6/30/2017,BLL_1722,0,5721.469156,0,52.84031364,0,0,-7504.32391,0,0,0,0,0,0,0,28.16666667
6/30/2017,BLL_1722,0,5653.319878,0,48.77467665,0,0,-7507.705357,0,0,0,0,0,0,0,28.25
6/30/2017,BLL_1722,0,5586.026339,0,41.52798506,0,0,-7509.639396,0,0,0,0,0,0,0,28.33333333
6/30/2017,BLL_1722,0,5519.560871,0,33.29548603,0,0,-7510.465586,0,0,0,0,0,0,0,28.41666667
6/30/2017,BLL_1722,0,5453.906621,0,29.24779479,0,0,-7510.361759,0,0,0,0,0,0,0,28.5
6/30/2017,BLL_1722,0,5389.050867,0,25.28933297,0,0,-7509.53453,0,0,0,0,0,0,0,28.58333333
6/30/2017,BLL_1722,0,5324.980985,0,21.41857533,0,0,-7508.064546,0,0,0,0,0,0,0,28.66666667
6/30/2017,BLL_1722,0,5318.488972,0,-422.050105,0,0,-7527.651065,0,0,0,0,0,0,0,28.75
6/30/2017,BLL_1722,0,5363.586822,0,-1688.61795,0,0,-7014.630981,0,0,0,0,0,0,0,28.83333333
6/30/2017,BLL_1722,0,5602.706814,0,-1830.997815,0,0,-7159.121729,0,0,0,0,0,0,0,28.91666667
6/30/2017,BLL_1722,0,5535.407391,0,53.23553354,0,0,-7172.642993,0,0,0,0,0,0,0,29
6/30/2017,BLL_1722,0,5469.074587,0,50.45630571,0,0,-7178.676258,0,0,0,0,0,0,0,29.08333333
6/30/2017,BLL_1722,0,5403.633088,0,47.73446578,0,0,-7181.638634,0,0,0,0,0,0,0,29.16666667
6/30/2017,BLL_1722,0,5339.023138,0,44.05913633,0,0,-7182.885867,0,0,0,0,0,0,0,29.25
6/30/2017,BLL_1722,0,5275.21513,0,37.51514962,0,0,-7183.096985,0,0,0,0,0,0,0,29.33333333
6/30/2017,BLL_1722,0,5212.189067,0,30.07324228,0,0,-7182.517561,0,0,0,0,0,0,0,29.41666667
6/30/2017,BLL_1722,0,5149.931349,0,26.41308955,0,0,-7181.240816,0,0,0,0,0,0,0,29.5
6/30/2017,BLL_1722,0,5088.43095,0,22.83384293,0,0,-7179.417512,0,0,0,0,0,0,0,29.58333333
6/30/2017,BLL_1722,0,5027.677092,0,19.33411691,0,0,-7177.103549,0,0,0,0,0,0,0,29.66666667
6/30/2017,BLL_1722,0,5022.346261,0,-378.2314,0,0,-7196.114846,0,0,0,0,0,0,0,29.75
6/30/2017,BLL_1722,0,5203.753636,0,-1522.637003,0,0,-7325.934289,0,0,0,0,0,0,0,29.83333333
6/30/2017,BLL_1722,0,5436.161621,0,-1639.106313,0,0,-7473.959677,0,0,0,0,0,0,0,29.91666667
6/30/2017,BLL_1722,0,5370.308278,0,47.8716137,0,0,-7486.486027,0,0,0,0,0,0,0,30
6/30/2017,BLL_1722,0,5305.436746,0,45.36079291,0,0,-7491.351291,0,0,0,0,0,0,0,30.08333333
6/30/2017,BLL_1722,0,5241.472965,0,42.90199186,0,0,-7493.102415,0,0,0,0,0,0,0,30.16666667
6/30/2017,BLL_1722,0,5178.343367,0,39.5906029,0,0,-7493.158519,0,0,0,0,0,0,0,30.25
6/30/2017,BLL_1722,0,5116.010279,0,33.69271859,0,0,-7492.217643,0,0,0,0,0,0,0,30.33333333
6/30/2017,BLL_1722,0,5054.450177,0,27.01774141,0,0,-7490.518708,0,0,0,0,0,0,0,30.41666667
6/30/2017,BLL_1722,0,4993.648616,0,23.72065591,0,0,-7488.159677,0,0,0,0,0,0,0,30.5
6/30/2017,BLL_1722,0,4933.593761,0,20.49666886,0,0,-7485.294584,0,0,0,0,0,0,0,30.58333333
6/30/2017,BLL_1722,0,4874.274355,0,17.34452598,0,0,-7481.979049,0,0,0,0,0,0,0,30.66666667
6/30/2017,BLL_1722,0,4868.274838,0,-336.7259327,0,0,-7499.287539,0,0,0,0,0,0,0,30.75
6/30/2017,BLL_1722,0,5045.402376,0,-1363.122785,0,0,-7631.126318,0,0,0,0,0,0,0,30.83333333
6/30/2017,BLL_1722,0,5270.438039,0,-1452.233392,0,0,-7776.051724,0,0,0,0,0,0,0,30.91666667
6/30/2017,BLL_1722,0,5206.103363,0,42.67387942,0,0,-7787.06123,0,0,0,0,0,0,0,31
6/30/2017,BLL_1722,0,5142.650219,0,40.42574718,0,0,-7789.720055,0,0,0,0,0,0,0,31.08333333
6/30/2017,BLL_1722,0,5080.134819,0,38.22433024,0,0,-7789.190039,0,0,0,0,0,0,0,31.16666667
6/30/2017,BLL_1722,0,5018.45571,0,35.26565574,0,0,-7787.019226,0,0,0,0,0,0,0,31.25
6/30/2017,BLL_1722,0,4957.567342,0,29.99351887,0,0,-7783.899605,0,0,0,0,0,0,0,31.33333333
6/30/2017,BLL_1722,0,4897.442733,0,24.06110644,0,0,-7780.069685,0,0,0,0,0,0,0,31.41666667
6/30/2017,BLL_1722,0,4838.067114,0,21.11698177,0,0,-7775.617767,0,0,0,0,0,0,0,31.5
6/30/2017,BLL_1722,0,4779.427958,0,18.23830088,0,0,-7770.681323,0,0,0,0,0,0,0,31.58333333
6/30/2017,BLL_1722,0,4721.514196,0,15.42393939,0,0,-7765.307359,0,0,0,0,0,0,0,31.66666667
6/30/2017,BLL_1722,0,4714.854737,0,-297.5047124,0,0,-7780.988528,0,0,0,0,0,0,0,31.75
6/30/2017,BLL_1722,0,4617.009661,0,-1203.682572,0,0,-7068.365957,0,0,0,0,0,0,0,31.83333333
6/30/2017,BLL_1722,0,4838.531908,0,-1274.712781,0,0,-7217.07877,0,0,0,0,0,0,0,31.91666667
6/30/2017,BLL_1722,0,4778.959009,0,37.61006859,0,0,-7223.662914,0,0,0,0,0,0,0,32
6/30/2017,BLL_1722,0,4720.268415,0,35.62293853,0,0,-7222.395849,0,0,0,0,0,0,0,32.08333333
6/30/2017,BLL_1722,0,4662.451386,0,33.67720523,0,0,-7218.120222,0,0,0,0,0,0,0,32.16666667
6/30/2017,BLL_1722,0,4605.400299,0,31.06398811,0,0,-7212.335233,0,0,0,0,0,0,0,32.25
6/30/2017,BLL_1722,0,4549.078458,0,26.40840547,0,0,-7205.71965,0,0,0,0,0,0,0,32.33333333
6/30/2017,BLL_1722,0,4493.464415,0,21.1920091,0,0,-7198.488872,0,0,0,0,0,0,0,32.41666667
6/30/2017,BLL_1722,0,4438.545513,0,18.59449684,0,0,-7190.745905,0,0,0,0,0,0,0,32.5
6/30/2017,BLL_1722,0,4384.311086,0,16.05486417,0,0,-7182.60834,0,0,0,0,0,0,0,32.58333333
6/30/2017,BLL_1722,0,4330.751511,0,13.572116,0,0,-7174.129533,0,0,0,0,0,0,0,32.66666667
6/30/2017,BLL_1722,0,4326.372363,0,-260.5310034,0,0,-7184.909249,0,0,0,0,0,0,0,32.75
6/30/2017,BLL_1722,0,4472.370398,0,-1067.52331,0,0,-7317.691144,0,0,0,0,0,0,0,32.83333333
6/30/2017,BLL_1722,0,4598.010711,0,-1101.535482,0,0,-7056.949002,0,0,0,0,0,0,0,32.91666667
6/30/2017,BLL_1722,0,4540.916801,0,32.95667417,0,0,-7063.380036,0,0,0,0,0,0,0,33
6/30/2017,BLL_1722,0,4484.685192,0,31.20609164,0,0,-7062.192778,0,0,0,0,0,0,0,33.08333333
6/30/2017,BLL_1722,0,4429.306134,0,29.49207003,0,0,-7058.071811,0,0,0,0,0,0,0,33.16666667
6/30/2017,BLL_1722,0,4374.670035,0,27.19529328,0,0,-7052.443025,0,0,0,0,0,0,0,33.25
6/30/2017,BLL_1722,0,4320.740807,0,23.08584904,0,0,-7045.953637,0,0,0,0,0,0,0,33.33333333
6/30/2017,BLL_1722,0,4267.49666,0,18.54506078,0,0,-7038.830938,0,0,0,0,0,0,0,33.41666667
6/30/2017,BLL_1722,0,4214.924927,0,16.26393275,0,0,-7031.170123,0,0,0,0,0,0,0,33.5
6/30/2017,BLL_1722,0,4163.014969,0,14.03374249,0,0,-7023.097608,0,0,0,0,0,0,0,33.58333333
6/30/2017,BLL_1722,0,4111.757058,0,11.85361424,0,0,-7014.663858,0,0,0,0,0,0,0,33.66666667
6/30/2017,BLL_1722,0,4107.656179,0,-225.7711336,0,0,-7025.735569,0,0,0,0,0,0,0,33.75
6/30/2017,BLL_1722,0,4245.022045,0,-934.3912927,0,0,-6977.013242,0,0,0,0,0,0,0,33.83333333
6/30/2017,BLL_1722,0,4420.153524,0,-942.344832,0,0,-7007.294262,0,0,0,0,0,0,0,33.91666667
6/30/2017,BLL_1722,0,4364.557219,0,28.56902125,0,0,-7017.946369,0,0,0,0,0,0,0,34
6/30/2017,BLL_1722,0,4309.885059,0,27.04162128,0,0,-7020.189174,0,0,0,0,0,0,0,34.08333333
6/30/2017,BLL_1722,0,4256.086839,0,25.5461936,0,0,-7018.910534,0,0,0,0,0,0,0,34.16666667
6/30/2017,BLL_1722,0,4203.03886,0,23.54751122,0,0,-7015.778735,0,0,0,0,0,0,0,34.25
6/30/2017,BLL_1722,0,4150.696323,0,19.96426623,0,0,-7011.583225,0,0,0,0,0,0,0,34.33333333
6/30/2017,BLL_1722,0,4099.032228,0,16.05176061,0,0,-7006.606506,0,0,0,0,0,0,0,34.41666667
6/30/2017,BLL_1722,0,4048.031894,0,14.06893194,0,0,-7000.972887,0,0,0,0,0,0,0,34.5
6/30/2017,BLL_1722,0,3997.683743,0,12.13045342,0,0,-6994.836219,0,0,0,0,0,0,0,34.58333333
6/30/2017,BLL_1722,0,3947.977131,0,10.23556336,0,0,-6988.260047,0,0,0,0,0,0,0,34.66666667
6/30/2017,BLL_1722,0,3943.430389,0,-193.2037656,0,0,-7001.04805,0,0,0,0,0,0,0,34.75
6/30/2017,BLL_1722,0,3990.320375,0,-809.4640573,0,0,-7123.301899,0,0,0,0,0,0,0,34.83333333
6/30/2017,BLL_1722,0,4064.042337,0,-791.4941879,0,0,-7232.411523,0,0,0,0,0,0,0,34.91666667
6/30/2017,BLL_1722,0,4012.589796,0,24.39728405,0,0,-7242.478643,0,0,0,0,0,0,0,35
6/30/2017,BLL_1722,0,3961.95397,0,23.08870314,0,0,-7244.706359,0,0,0,0,0,0,0,35.08333333
6/30/2017,BLL_1722,0,3912.124263,0,21.80752119,0,0,-7243.678696,0,0,0,0,0,0,0,35.16666667
6/30/2017,BLL_1722,0,3862.990359,0,20.0972254,0,0,-7240.895836,0,0,0,0,0,0,0,35.25
6/30/2017,BLL_1722,0,3814.514845,0,17.00902263,0,0,-7237.069441,0,0,0,0,0,0,0,35.33333333
6/30/2017,BLL_1722,0,3766.673442,0,13.6940875,0,0,-7232.463126,0,0,0,0,0,0,0,35.41666667
6/30/2017,BLL_1722,0,3719.452179,0,11.99831551,0,0,-7227.178808,0,0,0,0,0,0,0,35.5
6/30/2017,BLL_1722,0,3672.841042,0,10.3404731,0,0,-7221.364095,0,0,0,0,0,0,0,35.58333333
6/30/2017,BLL_1722,0,3626.830075,0,8.719911549,0,0,-7215.077455,0,0,0,0,0,0,0,35.66666667
6/30/2017,BLL_1722,0,3623.970986,0,-162.7828108,0,0,-7228.408871,0,0,0,0,0,0,0,35.75
6/30/2017,BLL_1722,0,3753.372583,0,-694.5818524,0,0,-7386.574675,0,0,0,0,0,0,0,35.83333333
6/30/2017,BLL_1722,0,3930.187078,0,-656.766379,0,0,-7540.847061,0,0,0,0,0,0,0,35.91666667
6/30/2017,BLL_1722,0,3879.923517,0,20.65066549,0,0,-7545.070675,0,0,0,0,0,0,0,36
6/30/2017,BLL_1722,0,3830.542964,0,19.53251704,0,0,-7541.562454,0,0,0,0,0,0,0,36.08333333
6/30/2017,BLL_1722,0,3781.962468,0,18.43777424,0,0,-7535.445221,0,0,0,0,0,0,0,36.16666667
6/30/2017,BLL_1722,0,3734.048085,0,16.98334528,0,0,-7528.160035,0,0,0,0,0,0,0,36.25
6/30/2017,BLL_1722,0,3686.765438,0,14.34747543,0,0,-7521.526762,0,0,0,0,0,0,0,36.33333333
6/30/2017,BLL_1722,0,3640.068676,0,11.56679382,0,0,-7515.690243,0,0,0,0,0,0,0,36.41666667
6/30/2017,BLL_1722,0,3593.932617,0,10.12535309,0,0,-7510.375132,0,0,0,0,0,0,0,36.5
6/30/2017,BLL_1722,0,3548.359819,0,8.716118066,0,0,-7505.490494,0,0,0,0,0,0,0,36.58333333
6/30/2017,BLL_1722,0,3503.349575,0,7.33854377,0,0,-7500.961445,0,0,0,0,0,0,0,36.66666667
6/30/2017,BLL_1722,0,3499.511877,0,-134.4580076,0,0,-7515.438639,0,0,0,0,0,0,0,36.75
6/30/2017,BLL_1722,0,3687.938945,0,-926.4909905,0,0,-7260.698585,0,0,0,0,0,0,0,36.83333333
6/30/2017,BLL_1722,0,3626.915871,0,-612.8227169,0,0,-6789.972245,0,0,0,0,0,0,0,36.91666667
6/30/2017,BLL_1722,0,3580.72641,0,21.47026304,0,0,-6794.665979,0,0,0,0,0,0,0,37
6/30/2017,BLL_1722,0,3535.221671,0,20.43291198,0,0,-6793.685236,0,0,0,0,0,0,0,37.08333333
6/30/2017,BLL_1722,0,3490.387242,0,19.41787078,0,0,-6790.891356,0,0,0,0,0,0,0,37.16666667
6/30/2017,BLL_1722,0,3446.142759,0,18.11015132,0,0,-6787.256025,0,0,0,0,0,0,0,37.25
6/30/2017,BLL_1722,0,3402.467757,0,14.90887857,0,0,-6783.088795,0,0,0,0,0,0,0,37.33333333
6/30/2017,BLL_1722,0,3359.355903,0,12.22940913,0,0,-6778.507441,0,0,0,0,0,0,0,37.41666667
6/30/2017,BLL_1722,0,3316.798375,0,10.80563748,0,0,-6773.538941,0,0,0,0,0,0,0,37.5
6/30/2017,BLL_1722,0,3274.787344,0,9.415129812,0,0,-6768.262612,0,0,0,0,0,0,0,37.58333333
6/30/2017,BLL_1722,0,3233.315415,0,8.05727494,0,0,-6762.705747,0,0,0,0,0,0,0,37.66666667
6/30/2017,BLL_1722,0,3214.465807,0,-106.2355252,0,0,-6650.547124,0,0,0,0,0,0,0,37.75
6/30/2017,BLL_1722,0,3360.022034,0,-686.0551314,0,0,-6719.778486,0,0,0,0,0,0,0,37.83333333
6/30/2017,BLL_1722,0,3438.432861,0,-494.0973963,0,0,-6706.461567,0,0,0,0,0,0,0,37.91666667
6/30/2017,BLL_1722,0,3394.211253,0,17.6557287,0,0,-6700.911781,0,0,0,0,0,0,0,38
6/30/2017,BLL_1722,0,3350.671432,0,16.60405063,0,0,-6690.484467,0,0,0,0,0,0,0,38.08333333
6/30/2017,BLL_1722,0,3307.786777,0,15.57593527,0,0,-6678.751033,0,0,0,0,0,0,0,38.16666667
6/30/2017,BLL_1722,0,3265.476395,0,14.31952262,0,0,-6666.738821,0,0,0,0,0,0,0,38.25
6/30/2017,BLL_1722,0,3223.708975,0,11.96658014,0,0,-6654.926173,0,0,0,0,0,0,0,38.33333333
6/30/2017,BLL_1722,0,3182.472445,0,9.674547505,0,0,-6643.491753,0,0,0,0,0,0,0,38.41666667
6/30/2017,BLL_1722,0,3141.754808,0,8.392980397,0,0,-6632.473409,0,0,0,0,0,0,0,38.5
6/30/2017,BLL_1722,0,3101.549337,0,7.141954501,0,0,-6621.882959,0,0,0,0,0,0,0,38.58333333
6/30/2017,BLL_1722,0,3061.849637,0,5.9209184,0,0,-6611.734187,0,0,0,0,0,0,0,38.66666667
6/30/2017,BLL_1722,0,2969.483829,0,0.852197574,0,0,-6319.971952,0,0,0,0,0,0,0,38.75
6/30/2017,BLL_1722,0,3148.946357,0,-508.2035821,0,0,-6486.413517,0,0,0,0,0,0,0,38.83333333
6/30/2017,BLL_1722,0,2833.779755,0,-381.0100376,0,0,-4716.252644,0,0,0,0,0,0,0,38.91666667
6/30/2017,BLL_1722,0,2797.091354,0,12.1791678,0,0,-4707.872244,0,0,0,0,0,0,0,39
6/30/2017,BLL_1722,0,2760.950426,0,11.46409702,0,0,-4697.820999,0,0,0,0,0,0,0,39.08333333
6/30/2017,BLL_1722,0,2725.307854,0,10.76508542,0,0,-4687.083556,0,0,0,0,0,0,0,39.16666667
6/30/2017,BLL_1722,0,2690.142827,0,10.13768226,0,0,-4676.089674,0,0,0,0,0,0,0,39.25
6/30/2017,BLL_1722,0,2655.442646,0,8.400549542,0,0,-4665.048315,0,0,0,0,0,0,0,39.33333333
6/30/2017,BLL_1722,0,2621.198925,0,6.744964843,0,0,-4653.970022,0,0,0,0,0,0,0,39.41666667
6/30/2017,BLL_1722,0,2587.40499,0,5.866641614,0,0,-4642.887442,0,0,0,0,0,0,0,39.5
6/30/2017,BLL_1722,0,2554.054208,0,5.009155505,0,0,-4631.815554,0,0,0,0,0,0,0,39.58333333
6/30/2017,BLL_1722,0,2521.14045,0,4.17212071,0,0,-4620.756271,0,0,0,0,0,0,0,39.66666667
6/30/2017,BLL_1722,0,2516.889718,0,-59.51356658,0,0,-4626.025086,0,0,0,0,0,0,0,39.75
6/30/2017,BLL_1722,0,2431.228094,0,-383.3579205,0,0,-4574.537177,0,0,0,0,0,0,0,39.83333333
6/30/2017,BLL_1722,0,2524.613988,0,-303.8143959,0,0,-4697.993248,0,0,0,0,0,0,0,39.91666667
6/30/2017,BLL_1722,0,2491.379195,0,9.944019591,0,0,-4691.591935,0,0,0,0,0,0,0,40
6/30/2017,BLL_1722,0,2458.645419,0,9.424677744,0,0,-4683.706418,0,0,0,0,0,0,0,40.08333333
6/30/2017,BLL_1722,0,2426.369646,0,8.916695187,0,0,-4675.171261,0,0,0,0,0,0,0,40.16666667
6/30/2017,BLL_1722,0,2394.53408,0,8.216385739,0,0,-4666.370944,0,0,0,0,0,0,0,40.25
6/30/2017,BLL_1722,0,2363.127375,0,6.897510168,0,0,-4657.502155,0,0,0,0,0,0,0,40.33333333
6/30/2017,BLL_1722,0,2332.141652,0,5.605836857,0,0,-4648.577309,0,0,0,0,0,0,0,40.41666667
6/30/2017,BLL_1722,0,2301.57057,0,4.927406384,0,0,-4639.625453,0,0,0,0,0,0,0,40.5
6/30/2017,BLL_1722,0,2271.408098,0,4.265047144,0,0,-4630.661834,0,0,0,0,0,0,0,40.58333333
6/30/2017,BLL_1722,0,2241.64849,0,3.618461168,0,0,-4621.687415,0,0,0,0,0,0,0,40.66666667
6/30/2017,BLL_1722,0,2237.88347,0,-55.96285075,0,0,-4628.917842,0,0,0,0,0,0,0,40.75
6/30/2017,BLL_1722,0,2394.250453,0,-282.4581819,0,0,-4770.49243,0,0,0,0,0,0,0,40.83333333
6/30/2017,BLL_1722,0,2484.587949,0,-229.5028822,0,0,-4897.119783,0,0,0,0,0,0,0,40.91666667
6/30/2017,BLL_1722,0,2451.325701,0,7.811431313,0,0,-4891.074779,0,0,0,0,0,0,0,41
6/30/2017,BLL_1722,0,2418.59125,0,7.350942945,0,0,-4883.556552,0,0,0,0,0,0,0,41.08333333
6/30/2017,BLL_1722,0,2386.327429,0,6.900981552,0,0,-4875.381024,0,0,0,0,0,0,0,41.16666667
6/30/2017,BLL_1722,0,2354.513845,0,6.342350297,0,0,-4866.927396,0,0,0,0,0,0,0,41.25
6/30/2017,BLL_1722,0,2323.137561,0,5.311255249,0,0,-4858.38491,0,0,0,0,0,0,0,41.33333333
6/30/2017,BLL_1722,0,2292.189976,0,4.289792088,0,0,-4849.767855,0,0,0,0,0,0,0,41.41666667
6/30/2017,BLL_1722,0,2261.664386,0,3.726374908,0,0,-4841.108248,0,0,0,0,0,0,0,41.5
6/30/2017,BLL_1722,0,2231.554386,0,3.176590142,0,0,-4832.422507,0,0,0,0,0,0,0,41.58333333
6/30/2017,BLL_1722,0,2201.853949,0,2.64017888,0,0,-4823.712107,0,0,0,0,0,0,0,41.66666667
6/30/2017,BLL_1722,0,2196.994185,0,-38.39071847,0,0,-4830.692216,0,0,0,0,0,0,0,41.75
6/30/2017,BLL_1722,0,1773.055833,0,-217.8941029,0,0,-4657.867177,0,0,0,0,0,0,0,41.83333333
6/30/2017,BLL_1722,0,1868.846769,0,-158.4441995,0,0,-4786.565134,0,0,0,0,0,0,0,41.91666667
6/30/2017,BLL_1722,0,1844.02593,0,5.754739786,0,0,-4782.309169,0,0,0,0,0,0,0,42
6/30/2017,BLL_1722,0,1819.60737,0,5.419101304,0,0,-4777.476294,0,0,0,0,0,0,0,42.08333333
6/30/2017,BLL_1722,0,1795.542914,0,5.091303185,0,0,-4772.454795,0,0,0,0,0,0,0,42.16666667
6/30/2017,BLL_1722,0,1771.814271,0,4.683639939,0,0,-4767.396889,0,0,0,0,0,0,0,42.25
6/30/2017,BLL_1722,0,1748.409849,0,3.882516397,0,0,-4762.45557,0,0,0,0,0,0,0,42.33333333
6/30/2017,BLL_1722,0,1725.307333,0,3.162133938,0,0,-4757.631724,0,0,0,0,0,0,0,42.41666667
6/30/2017,BLL_1722,0,1702.505358,0,2.750365941,0,0,-4752.91607,0,0,0,0,0,0,0,42.5
6/30/2017,BLL_1722,0,1680.002739,0,2.348848588,0,0,-4748.306864,0,0,0,0,0,0,0,42.58333333
6/30/2017,BLL_1722,0,1657.79656,0,1.957378754,0,0,-4743.806465,0,0,0,0,0,0,0,42.66666667
6/30/2017,BLL_1722,0,1659.124847,0,-25.88754123,0,0,-4754.765789,0,0,0,0,0,0,0,42.75
6/30/2017,BLL_1722,0,1566.336273,0,-168.0609276,0,0,-3499.225342,0,0,0,0,0,0,0,42.83333333
6/30/2017,BLL_1722,0,1661.596549,0,-90.47767266,0,0,-3631.905672,0,0,0,0,0,0,0,42.91666667
6/30/2017,BLL_1722,0,1639.315923,0,3.980567797,0,0,-3627.750222,0,0,0,0,0,0,0,43
6/30/2017,BLL_1722,0,1617.354841,0,3.739577719,0,0,-3623.201155,0,0,0,0,0,0,0,43.08333333
6/30/2017,BLL_1722,0,1595.700727,0,3.50429413,0,0,-3618.558155,0,0,0,0,0,0,0,43.16666667
6/30/2017,BLL_1722,0,1574.343004,0,3.217277968,0,0,-3613.922137,0,0,0,0,0,0,0,43.25
6/30/2017,BLL_1722,0,1553.274824,0,2.617980003,0,0,-3609.320882,0,0,0,0,0,0,0,43.33333333
6/30/2017,BLL_1722,0,1532.48947,0,2.161767836,0,0,-3604.78229,0,0,0,0,0,0,0,43.41666667
6/30/2017,BLL_1722,0,1511.982746,0,1.872212555,0,0,-3600.317561,0,0,0,0,0,0,0,43.5
6/30/2017,BLL_1722,0,1491.750676,0,1.589944971,0,0,-3595.933913,0,0,0,0,0,0,0,43.58333333
6/30/2017,BLL_1722,0,1471.789404,0,1.314819512,0,0,-3591.637787,0,0,0,0,0,0,0,43.66666667
6/30/2017,BLL_1722,0,1464.198956,0,-13.4487404,0,0,-3593.01573,0,0,0,0,0,0,0,43.75
6/30/2017,BLL_1722,0,1442.055362,0,-130.3330523,0,0,-3373.906485,0,0,0,0,0,0,0,43.83333333
6/30/2017,BLL_1722,0,1535.467483,0,-25.87525437,0,0,-3508.663757,0,0,0,0,0,0,0,43.91666667
6/30/2017,BLL_1722,0,1514.640914,0,2.423277366,0,0,-3503.938122,0,0,0,0,0,0,0,44
6/30/2017,BLL_1722,0,1494.103021,0,2.264772608,0,0,-3499.131624,0,0,0,0,0,0,0,44.08333333
6/30/2017,BLL_1722,0,1473.854628,0,2.110080741,0,0,-3494.46816,0,0,0,0,0,0,0,44.16666667
6/30/2017,BLL_1722,0,1453.888198,0,1.931357116,0,0,-3490.027183,0,0,0,0,0,0,0,44.25
6/30/2017,BLL_1722,0,1434.198646,0,1.496675779,0,0,-3485.836086,0,0,0,0,0,0,0,44.33333333
6/30/2017,BLL_1722,0,1414.78113,0,1.281390777,0,0,-3481.918736,0,0,0,0,0,0,0,44.41666667
6/30/2017,BLL_1722,0,1395.631093,0,1.098548834,0,0,-3478.290581,0,0,0,0,0,0,0,44.5
6/30/2017,BLL_1722,0,1376.744721,0,0.920347736,0,0,-3474.948157,0,0,0,0,0,0,0,44.58333333
6/30/2017,BLL_1722,0,1358.118198,0,0.746693844,0,0,-3471.886357,0,0,0,0,0,0,0,44.66666667
6/30/2017,BLL_1722,0,1358.973333,0,-3.963619466,0,0,-3483.32746,0,0,0,0,0,0,0,44.75
6/30/2017,BLL_1722,0,1391.254438,0,-260.606112,0,0,-3492.794753,0,0,0,0,0,0,0,44.83333333
6/30/2017,BLL_1722,0,1454.796487,0,37.04179116,0,0,-3296.717306,0,0,0,0,0,0,0,44.91666667
6/30/2017,BLL_1722,0,1434.799074,0,2.570986902,0,0,-3293.492178,0,0,0,0,0,0,0,45
6/30/2017,BLL_1722,0,1415.090185,0,2.465525119,0,0,-3290.243948,0,0,0,0,0,0,0,45.08333333
6/30/2017,BLL_1722,0,1395.661282,0,2.362444056,0,0,-3287.012764,0,0,0,0,0,0,0,45.16666667
6/30/2017,BLL_1722,0,1376.506952,0,2.255974013,0,0,-3283.812401,0,0,0,0,0,0,0,45.25
6/30/2017,BLL_1722,0,1357.623222,0,1.519913175,0,0,-3280.61657,0,0,0,0,0,0,0,45.33333333
6/30/2017,BLL_1722,0,1339.00627,0,1.452129152,0,0,-3277.431791,0,0,0,0,0,0,0,45.41666667
6/30/2017,BLL_1722,0,1320.65226,0,1.292369196,0,0,-3274.276633,0,0,0,0,0,0,0,45.5
6/30/2017,BLL_1722,0,1302.557373,0,1.136582916,0,0,-3271.149312,0,0,0,0,0,0,0,45.58333333
6/30/2017,BLL_1722,0,1284.717862,0,0.98468942,0,0,-3268.044997,0,0,0,0,0,0,0,45.66666667
6/30/2017,BLL_1722,0,1285.118211,0,6.289334625,0,0,-3279.111222,0,0,0,0,0,0,0,45.75
6/30/2017,BLL_1722,0,1315.064398,0,-160.1871796,0,0,-3319.367208,0,0,0,0,0,0,0,45.83333333
6/30/2017,BLL_1722,0,1400.404684,0,92.61478155,0,0,-3463.448005,0,0,0,0,0,0,0,45.91666667
6/30/2017,BLL_1722,0,1380.885328,0,1.007969414,0,0,-3460.435777,0,0,0,0,0,0,0,46
6/30/2017,BLL_1722,0,1361.652105,0,0.883069343,0,0,-3457.49352,0,0,0,0,0,0,0,46.08333333
6/30/2017,BLL_1722,0,1342.695751,0,0.761339103,0,0,-3454.668314,0,0,0,0,0,0,0,46.16666667
6/30/2017,BLL_1722,0,1324.010668,0,0.660499434,0,0,-3451.969584,0,0,0,0,0,0,0,46.25
6/30/2017,BLL_1722,0,1305.592684,0,0.282307046,0,0,-3449.357877,0,0,0,0,0,0,0,46.33333333
6/30/2017,BLL_1722,0,1287.437855,0,0.378397723,0,0,-3446.850995,0,0,0,0,0,0,0,46.41666667
6/30/2017,BLL_1722,0,1269.54233,0,0.268469148,0,0,-3444.459789,0,0,0,0,0,0,0,46.5
6/30/2017,BLL_1722,0,1251.902274,0,0.161359762,0,0,-3442.178027,0,0,0,0,0,0,0,46.58333333
6/30/2017,BLL_1722,0,1234.513931,0,0.057011516,0,0,-3440.006563,0,0,0,0,0,0,0,46.66666667
6/30/2017,BLL_1722,0,1234.266701,0,13.36172911,0,0,-3451.247699,0,0,0,0,0,0,0,46.75
6/30/2017,BLL_1722,0,1233.516746,0,-81.85240542,0,0,-3262.409206,0,0,0,0,0,0,0,46.83333333
6/30/2017,BLL_1722,0,1316.402326,0,143.7417416,0,0,-3412.658315,0,0,0,0,0,0,0,46.91666667
6/30/2017,BLL_1722,0,1297.857546,0,-0.932849648,0,0,-3411.331723,0,0,0,0,0,0,0,47
6/30/2017,BLL_1722,0,1279.591025,0,-0.91901015,0,0,-3409.950157,0,0,0,0,0,0,0,47.08333333
6/30/2017,BLL_1722,0,1261.592885,0,-0.905453847,0,0,-3408.562141,0,0,0,0,0,0,0,47.16666667
6/30/2017,BLL_1722,0,1243.857143,0,-0.857379839,0,0,-3407.187792,0,0,0,0,0,0,0,47.25
6/30/2017,BLL_1722,0,1226.379594,0,-0.996458806,0,0,-3405.795862,0,0,0,0,0,0,0,47.33333333
6/30/2017,BLL_1722,0,1209.156343,0,-0.638635892,0,0,-3404.400365,0,0,0,0,0,0,0,47.41666667
6/30/2017,BLL_1722,0,1192.183563,0,-0.595759454,0,0,-3403.019999,0,0,0,0,0,0,0,47.5
6/30/2017,BLL_1722,0,1175.457459,0,-0.554093557,0,0,-3401.65193,0,0,0,0,0,0,0,47.58333333
6/30/2017,BLL_1722,0,1158.974311,0,-0.513612544,0,0,-3400.291504,0,0,0,0,0,0,0,47.66666667
6/30/2017,BLL_1722,0,1158.522206,0,19.71259014,0,0,-3411.705369,0,0,0,0,0,0,0,47.75
6/30/2017,BLL_1722,0,1182.181148,0,-54.07789656,0,0,-3447.448595,0,0,0,0,0,0,0,47.83333333
6/30/2017,BLL_1722,0,1262.021549,0,191.6618074,0,0,-3601.074589,0,0,0,0,0,0,0,47.91666667
6/30/2017,BLL_1722,0,1243.971163,0,-2.069012741,0,0,-3600.694335,0,0,0,0,0,0,0,48
6/30/2017,BLL_1722,0,1226.197982,0,-1.987651135,0,0,-3600.221143,0,0,0,0,0,0,0,48.08333333
6/30/2017,BLL_1722,0,1208.692713,0,-1.908276672,0,0,-3599.714418,0,0,0,0,0,0,0,48.16666667
6/30/2017,BLL_1722,0,1191.448364,0,-1.780775386,0,0,-3599.201585,0,0,0,0,0,0,0,48.25
6/30/2017,BLL_1722,0,1174.460185,0,-1.804871295,0,0,-3598.652973,0,0,0,0,0,0,0,48.33333333
6/30/2017,BLL_1722,0,1157.723884,0,-1.267058581,0,0,-3598.085726,0,0,0,0,0,0,0,48.41666667
6/30/2017,BLL_1722,0,1141.235462,0,-1.142863316,0,0,-3597.520848,0,0,0,0,0,0,0,48.5
6/30/2017,BLL_1722,0,1124.991048,0,-1.022091502,0,0,-3596.955929,0,0,0,0,0,0,0,48.58333333
6/30/2017,BLL_1722,0,1108.986841,0,-0.904669323,0,0,-3596.386261,0,0,0,0,0,0,0,48.66666667
6/30/2017,BLL_1722,0,1107.961449,0,24.97561909,0,0,-3608.511288,0,0,0,0,0,0,0,48.75
6/30/2017,BLL_1722,0,1130.514494,0,-32.5918058,0,0,-3644.303641,0,0,0,0,0,0,0,48.83333333
6/30/2017,BLL_1722,0,1207.21478,0,235.5289148,0,0,-3801.018343,0,0,0,0,0,0,0,48.91666667
6/30/2017,BLL_1722,0,1189.687171,0,-3.021892506,0,0,-3801.629565,0,0,0,0,0,0,0,49
6/30/2017,BLL_1722,0,1172.434236,0,-2.889119512,0,0,-3802.134231,0,0,0,0,0,0,0,49.08333333
6/30/2017,BLL_1722,0,1155.446405,0,-2.75965673,0,0,-3802.591261,0,0,0,0,0,0,0,49.16666667
6/30/2017,BLL_1722,0,1138.716513,0,-2.571204369,0,0,-3803.029201,0,0,0,0,0,0,0,49.25
6/30/2017,BLL_1722,0,1122.239733,0,-2.497771473,0,0,-3803.415131,0,0,0,0,0,0,0,49.33333333
6/30/2017,BLL_1722,0,1106.011716,0,-1.805289909,0,0,-3803.767777,0,0,0,0,0,0,0,49.41666667
6/30/2017,BLL_1722,0,1090.028418,0,-1.616024563,0,0,-3804.110209,0,0,0,0,0,0,0,49.5
6/30/2017,BLL_1722,0,1074.285927,0,-1.432006916,0,0,-3804.439868,0,0,0,0,0,0,0,49.58333333
6/30/2017,BLL_1722,0,1058.780409,0,-1.253121937,0,0,-3804.751745,0,0,0,0,0,0,0,49.66666667
6/30/2017,BLL_1722,0,1057.263066,0,28.93569998,0,0,-3816.62644,0,0,0,0,0,0,0,49.75
6/30/2017,BLL_1722,0,1078.711343,0,-11.58710098,0,0,-3852.822992,0,0,0,0,0,0,0,49.83333333
6/30/2017,BLL_1722,0,1152.206173,0,275.1398255,0,0,-4014.067255,0,0,0,0,0,0,0,49.91666667
6/30/2017,BLL_1722,0,1135.224799,0,-3.890224799,0,0,-4015.527564,0,0,0,0,0,0,0,50
6/30/2017,BLL_1733,0,0,0,0,0,0,0,0,0,0,0,0,0,0,0.083333333
6/30/2017,BLL_1733,0,0,0,0,0,0,0,0,0,0,0,0,0,0,0.166666667
6/30/2017,BLL_1733,0,0,0,0,0,0,0,0,0,0,0,0,0,0,0.25
6/30/2017,BLL_1733,0,0,0,0,0,0,0,0,0,0,0,0,0,0,0.333333333
6/30/2017,BLL_1733,0,0,0,0,0,0,0,0,0,0,0,0,0,0,0.416666667
6/30/2017,BLL_1733,0,0,0,0,0,0,0,0,0,0,0,0,0,0,0.5
6/30/2017,BLL_1733,0,0,0,0,0,0,0,0,0,0,0,0,0,0,0.583333333
6/30/2017,BLL_1733,0,0,0,0,0,0,0,0,0,0,0,0,0,0,0.666666667
6/30/2017,BLL_1733,49964.49522,0,-727728.3355,0,0,-11838.75024,0,0,0,0,0,0,0,0,0.75
6/30/2017,BLL_1733,162240.2441,0,-1556022.366,0,0,-42084.28611,0,0,0,0,0,0,0,0,0.833333333
6/30/2017,BLL_1733,317515.3124,0,-2020108.765,0,0,-88529.81725,0,0,0,0,0,0,0,0,0.916666667
6/30/2017,BLL_1733,309371.8002,0,72045.34387,0,0,-95094.37891,0,0,0,0,0,0,0,0,1
6/30/2017,BLL_1733,0,302423.3745,0,61054.13917,0,0,-95768.07758,0,0,0,0,0,0,0,1.083333333
6/30/2017,BLL_1733,0,296354.1875,0,54148.38402,0,0,-95343.30381,0,0,0,0,0,0,0,1.166666667
6/30/2017,BLL_1733,0,291147.595,0,45564.00746,0,0,-94597.52906,0,0,0,0,0,0,0,1.25
6/30/2017,BLL_1733,0,287400.7846,0,27938.50387,0,0,-93972.74726,0,0,0,0,0,0,0,1.333333333
6/30/2017,BLL_1733,0,283993.0614,0,20153.79379,0,0,-93487.44592,0,0,0,0,0,0,0,1.416666667
6/30/2017,BLL_1733,0,279818.3525,0,23667.0256,0,0,-92899.02572,0,0,0,0,0,0,0,1.5
6/30/2017,BLL_1733,0,276128.4706,0,19143.95308,0,0,-92232.38712,0,0,0,0,0,0,0,1.583333333
6/30/2017,BLL_1733,0,272806.6947,0,15802.38923,0,0,-91624.04765,0,0,0,0,0,0,0,1.666666667
6/30/2017,BLL_1733,0,272858.5795,0,-136561.4637,0,0,-91819.72699,0,0,0,0,0,0,0,1.75
6/30/2017,BLL_1733,0,278871.415,0,-380927.8636,0,0,-93546.62368,0,0,0,0,0,0,0,1.833333333
6/30/2017,BLL_1733,0,290438.6852,0,-482307.1082,0,0,-96775.90849,0,0,0,0,0,0,0,1.916666667
6/30/2017,BLL_1733,0,286989.391,0,20280.98639,0,0,-96751.96232,0,0,0,0,0,0,0,2
6/30/2017,BLL_1733,0,283587.8165,0,18191.87682,0,0,-96279.98486,0,0,0,0,0,0,0,2.083333333
6/30/2017,BLL_1733,0,280232.9889,0,16152.11199,0,0,-95678.51795,0,0,0,0,0,0,0,2.166666667
6/30/2017,BLL_1733,0,276921.7448,0,14036.55253,0,0,-95014.85932,0,0,0,0,0,0,0,2.25
6/30/2017,BLL_1733,0,273652.819,0,11771.16934,0,0,-94319.54525,0,0,0,0,0,0,0,2.333333333
6/30/2017,BLL_1733,0,270425.304,0,9431.775947,0,0,-93602.43839,0,0,0,0,0,0,0,2.416666667
6/30/2017,BLL_1733,0,267238.5303,0,7476.861832,0,0,-92871.4821,0,0,0,0,0,0,0,2.5
6/30/2017,BLL_1733,0,264091.8749,0,5569.342818,0,0,-92130.73128,0,0,0,0,0,0,0,2.583333333
6/30/2017,BLL_1733,0,260984.7411,0,3708.278109,0,0,-91383.01502,0,0,0,0,0,0,0,2.666666667
6/30/2017,BLL_1733,0,261860.2564,0,-42646.34239,0,0,-91964.89082,0,0,0,0,0,0,0,2.75
6/30/2017,BLL_1733,0,268539.1261,0,-119674.492,0,0,-94348.90692,0,0,0,0,0,0,0,2.833333333
6/30/2017,BLL_1733,0,279384.7986,0,-146833.2489,0,0,-99011.03343,0,0,0,0,0,0,0,2.916666667
6/30/2017,BLL_1733,0,275692.5403,0,4866.723421,0,0,-98765.49126,0,0,0,0,0,0,0,3
6/30/2017,BLL_1733,0,272056.9177,0,4608.397077,0,0,-98086.60717,0,0,0,0,0,0,0,3.083333333
6/30/2017,BLL_1733,0,268475.0176,0,4356.22423,0,0,-97300.45105,0,0,0,0,0,0,0,3.166666667
6/30/2017,BLL_1733,0,264943.0179,0,3986.279571,0,0,-96473.53739,0,0,0,0,0,0,0,3.25
6/30/2017,BLL_1733,0,261459.524,0,3407.716896,0,0,-95634.17283,0,0,0,0,0,0,0,3.333333333
6/30/2017,BLL_1733,0,258023.5341,0,2724.987145,0,0,-94790.06917,0,0,0,0,0,0,0,3.416666667
6/30/2017,BLL_1733,0,254634.3019,0,2391.540975,0,0,-93946.5764,0,0,0,0,0,0,0,3.5
6/30/2017,BLL_1733,0,251291.1315,0,2066.650421,0,0,-93106.00575,0,0,0,0,0,0,0,3.583333333
6/30/2017,BLL_1733,0,247993.3455,0,1750.138784,0,0,-92269.61511,0,0,0,0,0,0,0,3.666666667
6/30/2017,BLL_1733,0,248579.2985,0,-39430.99676,0,0,-92771.86045,0,0,0,0,0,0,0,3.75
6/30/2017,BLL_1733,0,255042.6638,0,-111700.6739,0,0,-95179.39865,0,0,0,0,0,0,0,3.833333333
6/30/2017,BLL_1733,0,265817.3557,0,-135607.8773,0,0,-100936.203,0,0,0,0,0,0,0,3.916666667
6/30/2017,BLL_1733,0,262769.0296,0,3817.779723,0,0,-100789.3326,0,0,0,0,0,0,0,4
6/30/2017,BLL_1733,0,259760.792,0,3622.821007,0,0,-100264.8232,0,0,0,0,0,0,0,4.083333333
6/30/2017,BLL_1733,0,256790.6506,0,3431.807148,0,0,-99637.42772,0,0,0,0,0,0,0,4.166666667
6/30/2017,BLL_1733,0,253855.9966,0,3151.827299,0,0,-98968.66673,0,0,0,0,0,0,0,4.25
6/30/2017,BLL_1733,0,250955.8189,0,2699.325011,0,0,-98285.43043,0,0,0,0,0,0,0,4.333333333
6/30/2017,BLL_1733,0,248089.4035,0,2162.238603,0,0,-97595.7525,0,0,0,0,0,0,0,4.416666667
6/30/2017,BLL_1733,0,245256.2675,0,1901.697548,0,0,-96904.78706,0,0,0,0,0,0,0,4.5
6/30/2017,BLL_1733,0,242455.9795,0,1646.799642,0,0,-96215.13997,0,0,0,0,0,0,0,4.583333333
6/30/2017,BLL_1733,0,239688.1235,0,1397.449296,0,0,-95527.502,0,0,0,0,0,0,0,4.666666667
6/30/2017,BLL_1733,0,240618.0625,0,-37161.65372,0,0,-95794.74932,0,0,0,0,0,0,0,4.75
6/30/2017,BLL_1733,0,247129.7168,0,-106307.6153,0,0,-97711.34469,0,0,0,0,0,0,0,4.833333333
6/30/2017,BLL_1733,0,257589.4154,0,-126987.625,0,0,-101488.4542,0,0,0,0,0,0,0,4.916666667
6/30/2017,BLL_1733,0,254619.1388,0,3597.184238,0,0,-101389.5162,0,0,0,0,0,0,0,5
6/30/2017,BLL_1733,0,251689.3268,0,3413.40271,0,0,-100908.5415,0,0,0,0,0,0,0,5.083333333
6/30/2017,BLL_1733,0,248797.7045,0,3233.346035,0,0,-100322.884,0,0,0,0,0,0,0,5.166666667
6/30/2017,BLL_1733,0,245941.1925,0,2969.767615,0,0,-99694.74342,0,0,0,0,0,0,0,5.25
6/30/2017,BLL_1733,0,243118.5836,0,2541.343983,0,0,-99049.96081,0,0,0,0,0,0,0,5.333333333
6/30/2017,BLL_1733,0,240329.104,0,2036.781622,0,0,-98397.47315,0,0,0,0,0,0,0,5.416666667
6/30/2017,BLL_1733,0,237572.2491,0,1791.266879,0,0,-97741.78668,0,0,0,0,0,0,0,5.5
6/30/2017,BLL_1733,0,234847.575,0,1551.078627,0,0,-97085.22886,0,0,0,0,0,0,0,5.583333333
6/30/2017,BLL_1733,0,232154.661,0,1316.126453,0,0,-96429.08338,0,0,0,0,0,0,0,5.666666667
6/30/2017,BLL_1733,0,233074.1506,0,-34870.28672,0,0,-96719.73048,0,0,0,0,0,0,0,5.75
6/30/2017,BLL_1733,0,239404.6209,0,-100619.3764,0,0,-98667.83604,0,0,0,0,0,0,0,5.833333333
6/30/2017,BLL_1733,0,249550.9763,0,-118733.6238,0,0,-102455.6817,0,0,0,0,0,0,0,5.916666667
6/30/2017,BLL_1733,0,246658.9422,0,3382.489537,0,0,-102357.3001,0,0,0,0,0,0,0,6
6/30/2017,BLL_1733,0,243806.8577,0,3209.368706,0,0,-101893.6512,0,0,0,0,0,0,0,6.083333333
6/30/2017,BLL_1733,0,240992.1979,0,3039.762978,0,0,-101331.0613,0,0,0,0,0,0,0,6.166666667
6/30/2017,BLL_1733,0,238211.8966,0,2791.750511,0,0,-100727.2669,0,0,0,0,0,0,0,6.25
6/30/2017,BLL_1733,0,235464.7938,0,2387.517057,0,0,-100107.0902,0,0,0,0,0,0,0,6.333333333
6/30/2017,BLL_1733,0,232750.1294,0,1914.277234,0,0,-99479.4113,0,0,0,0,0,0,0,6.416666667
6/30/2017,BLL_1733,0,230067.051,0,1683.261675,0,0,-98851.62806,0,0,0,0,0,0,0,6.5
6/30/2017,BLL_1733,0,227415.2081,0,1457.266994,0,0,-98225.18712,0,0,0,0,0,0,0,6.583333333
6/30/2017,BLL_1733,0,224794.2712,0,1236.207851,0,0,-97601.04598,0,0,0,0,0,0,0,6.666666667
6/30/2017,BLL_1733,0,225692.4455,0,-32543.47192,0,0,-97922.14381,0,0,0,0,0,0,0,6.75
6/30/2017,BLL_1733,0,231867.8928,0,-95257.55405,0,0,-99895.57539,0,0,0,0,0,0,0,6.833333333
6/30/2017,BLL_1733,0,239285.352,0,-110727.1803,0,0,-102128.2905,0,0,0,0,0,0,0,6.916666667
6/30/2017,BLL_1733,0,236509.0348,0,3173.4217,0,0,-102012.1397,0,0,0,0,0,0,0,7
6/30/2017,BLL_1733,0,233768.2841,0,3010.881801,0,0,-101565.9634,0,0,0,0,0,0,0,7.083333333
6/30/2017,BLL_1733,0,231062.7484,0,2851.647703,0,0,-101027.4451,0,0,0,0,0,0,0,7.166666667
6/30/2017,BLL_1733,0,228390.1415,0,2619.33109,0,0,-100449.8839,0,0,0,0,0,0,0,7.25
6/30/2017,BLL_1733,0,225749.4708,0,2238.126226,0,0,-99857.17522,0,0,0,0,0,0,0,7.333333333
6/30/2017,BLL_1733,0,223140.0403,0,1795.421243,0,0,-99254.42871,0,0,0,0,0,0,0,7.416666667
6/30/2017,BLL_1733,0,220561.3717,0,1578.632572,0,0,-98649.0478,0,0,0,0,0,0,0,7.5
6/30/2017,BLL_1733,0,218013.0536,0,1366.563452,0,0,-98043.23643,0,0,0,0,0,0,0,7.583333333
6/30/2017,BLL_1733,0,215494.6877,0,1159.133537,0,0,-97438.10096,0,0,0,0,0,0,0,7.666666667
6/30/2017,BLL_1733,0,216410.2198,0,-30232.4316,0,0,-97781.16972,0,0,0,0,0,0,0,7.75
6/30/2017,BLL_1733,0,222478.7057,0,-90067.47097,0,0,-99744.80282,0,0,0,0,0,0,0,7.833333333
6/30/2017,BLL_1733,0,231857.9624,0,-102985.1314,0,0,-103361.6882,0,0,0,0,0,0,0,7.916666667
6/30/2017,BLL_1733,0,229153.8554,0,2971.412389,0,0,-103241.5876,0,0,0,0,0,0,0,8
6/30/2017,BLL_1733,0,226484.2252,0,2818.901685,0,0,-102822.4189,0,0,0,0,0,0,0,8.083333333
6/30/2017,BLL_1733,0,223848.6205,0,2669.498886,0,0,-102313.0739,0,0,0,0,0,0,0,8.166666667
6/30/2017,BLL_1733,0,221245.3866,0,2452.283761,0,0,-101764.5032,0,0,0,0,0,0,0,8.25
6/30/2017,BLL_1733,0,218673.5436,0,2093.424127,0,0,-101200.8845,0,0,0,0,0,0,0,8.333333333
6/30/2017,BLL_1733,0,216132.3577,0,1680.270682,0,0,-100627.3581,0,0,0,0,0,0,0,8.416666667
6/30/2017,BLL_1733,0,213621.3489,0,1477.124991,0,0,-100050.7928,0,0,0,0,0,0,0,8.5
6/30/2017,BLL_1733,0,211140.1034,0,1278.409812,0,0,-99473.33007,0,0,0,0,0,0,0,8.583333333
6/30/2017,BLL_1733,0,208688.2184,0,1084.049589,0,0,-98896.11516,0,0,0,0,0,0,0,8.666666667
6/30/2017,BLL_1733,0,209566.2252,0,-27877.43929,0,0,-99258.40787,0,0,0,0,0,0,0,8.75
6/30/2017,BLL_1733,0,215110.4832,0,-84700.02075,0,0,-101030.9341,0,0,0,0,0,0,0,8.833333333
6/30/2017,BLL_1733,0,224194.3617,0,-95219.40767,0,0,-104698.3204,0,0,0,0,0,0,0,8.916666667
6/30/2017,BLL_1733,0,221563.0342,0,2767.304539,0,0,-104609.7258,0,0,0,0,0,0,0,9
6/30/2017,BLL_1733,0,218965.9447,0,2624.791313,0,0,-104234.5085,0,0,0,0,0,0,0,9.083333333
6/30/2017,BLL_1733,0,216402.3196,0,2485.188229,0,0,-103766.6518,0,0,0,0,0,0,0,9.166666667
6/30/2017,BLL_1733,0,213870.5589,0,2283.180754,0,0,-103258.0251,0,0,0,0,0,0,0,9.25
6/30/2017,BLL_1733,0,211369.6334,0,1947.166847,0,0,-102732.8985,0,0,0,0,0,0,0,9.333333333
6/30/2017,BLL_1733,0,208898.7819,0,1563.705967,0,0,-102199.599,0,0,0,0,0,0,0,9.416666667
6/30/2017,BLL_1733,0,206457.515,0,1374.265332,0,0,-101661.7443,0,0,0,0,0,0,0,9.5
6/30/2017,BLL_1733,0,204045.413,0,1188.963999,0,0,-101121.9383,0,0,0,0,0,0,0,9.583333333
6/30/2017,BLL_1733,0,201662.0711,0,1007.731265,0,0,-100581.4504,0,0,0,0,0,0,0,9.666666667
6/30/2017,BLL_1733,0,201946.2319,0,-25621.95774,0,0,-100734.7264,0,0,0,0,0,0,0,9.75
6/30/2017,BLL_1733,0,207051.2242,0,-79327.84848,0,0,-102304.676,0,0,0,0,0,0,0,9.833333333
6/30/2017,BLL_1733,0,215821.9783,0,-87660.36916,0,0,-105922.7959,0,0,0,0,0,0,0,9.916666667
6/30/2017,BLL_1733,0,213274.4697,0,2565.795321,0,0,-105837.9575,0,0,0,0,0,0,0,10
6/30/2017,BLL_1733,0,210761.0249,0,2433.430188,0,0,-105481.6409,0,0,0,0,0,0,0,10.08333333
6/30/2017,BLL_1733,0,208280.0507,0,2303.773182,0,0,-105039.7913,0,0,0,0,0,0,0,10.16666667
6/30/2017,BLL_1733,0,205829.8431,0,2116.750247,0,0,-104558.3969,0,0,0,0,0,0,0,10.25
6/30/2017,BLL_1733,0,203409.5193,0,1803.522417,0,0,-104058.583,0,0,0,0,0,0,0,10.33333333
6/30/2017,BLL_1733,0,201018.4385,0,1449.179426,0,0,-103550.842,0,0,0,0,0,0,0,10.41666667
6/30/2017,BLL_1733,0,198656.1386,0,1273.42479,0,0,-103038.8121,0,0,0,0,0,0,0,10.5
6/30/2017,BLL_1733,0,196322.2219,0,1101.517592,0,0,-102524.864,0,0,0,0,0,0,0,10.58333333
6/30/2017,BLL_1733,0,194016.3032,0,933.392,0,0,-102010.1348,0,0,0,0,0,0,0,10.66666667
6/30/2017,BLL_1733,0,194802.9806,0,-23581.70157,0,0,-102450.0304,0,0,0,0,0,0,0,10.75
6/30/2017,BLL_1733,0,200279.3628,0,-73941.58916,0,0,-104394.8735,0,0,0,0,0,0,0,10.83333333
6/30/2017,BLL_1733,0,208602.056,0,-79625.40591,0,0,-107945.6963,0,0,0,0,0,0,0,10.91666667
6/30/2017,BLL_1733,0,206124.3121,0,2363.74655,0,0,-107845.5377,0,0,0,0,0,0,0,11
6/30/2017,BLL_1733,0,203679.9415,0,2241.248212,0,0,-107496.7618,0,0,0,0,0,0,0,11.08333333
6/30/2017,BLL_1733,0,201267.3542,0,2121.261947,0,0,-107067.993,0,0,0,0,0,0,0,11.16666667
6/30/2017,BLL_1733,0,198884.8799,0,1948.447255,0,0,-106603.4383,0,0,0,0,0,0,0,11.25
6/30/2017,BLL_1733,0,196531.6528,0,1657.696646,0,0,-106122.9258,0,0,0,0,0,0,0,11.33333333
6/30/2017,BLL_1733,0,194207.0507,0,1333.532154,0,0,-105630.3038,0,0,0,0,0,0,0,11.41666667
6/30/2017,BLL_1733,0,191910.63,0,1171.323863,0,0,-105133.717,0,0,0,0,0,0,0,11.5
6/30/2017,BLL_1733,0,189642,0,1012.672373,0,0,-104635.3454,0,0,0,0,0,0,0,11.58333333
6/30/2017,BLL_1733,0,187400.7793,0,857.5167344,0,0,-104136.2341,0,0,0,0,0,0,0,11.66666667
6/30/2017,BLL_1733,0,187282.4327,0,-21511.33719,0,0,-103648.5456,0,0,0,0,0,0,0,11.75
6/30/2017,BLL_1733,0,192573.5399,0,-68864.00071,0,0,-105596.6107,0,0,0,0,0,0,0,11.83333333
6/30/2017,BLL_1733,0,198140.8359,0,-73246.78227,0,0,-107417.311,0,0,0,0,0,0,0,11.91666667
6/30/2017,BLL_1733,0,195779.2634,0,2179.497153,0,0,-107352.0484,0,0,0,0,0,0,0,12
6/30/2017,BLL_1733,0,193449.1929,0,2066.972021,0,0,-107049.1132,0,0,0,0,0,0,0,12.08333333
6/30/2017,BLL_1733,0,191149.7534,0,1956.754728,0,0,-106665.1986,0,0,0,0,0,0,0,12.16666667
6/30/2017,BLL_1733,0,188879.3225,0,1798.436767,0,0,-106243.4753,0,0,0,0,0,0,0,12.25
6/30/2017,BLL_1733,0,186637.0016,0,1529.330274,0,0,-105804.2056,0,0,0,0,0,0,0,12.33333333
6/30/2017,BLL_1733,0,184422.1322,0,1230.266518,0,0,-105351.222,0,0,0,0,0,0,0,12.41666667
6/30/2017,BLL_1733,0,182234.2732,0,1080.930106,0,0,-104893.355,0,0,0,0,0,0,0,12.5
6/30/2017,BLL_1733,0,180073.0406,0,934.8727155,0,0,-104433.0052,0,0,0,0,0,0,0,12.58333333
6/30/2017,BLL_1733,0,177938.0616,0,792.0380961,0,0,-103971.285,0,0,0,0,0,0,0,12.66666667
6/30/2017,BLL_1733,0,178624.2103,0,-19611.66544,0,0,-104386.6177,0,0,0,0,0,0,0,12.75
6/30/2017,BLL_1733,0,182739.3864,0,-63927.26591,0,0,-105478.6014,0,0,0,0,0,0,0,12.83333333
6/30/2017,BLL_1733,0,188608.9824,0,-66841.81656,0,0,-107086.5839,0,0,0,0,0,0,0,12.91666667
6/30/2017,BLL_1733,0,186347.6736,0,2005.877757,0,0,-107035.236,0,0,0,0,0,0,0,13
6/30/2017,BLL_1733,0,184115.9929,0,1901.84276,0,0,-106760.6037,0,0,0,0,0,0,0,13.08333333
6/30/2017,BLL_1733,0,181914.0153,0,1799.94887,0,0,-106407.8744,0,0,0,0,0,0,0,13.16666667
6/30/2017,BLL_1733,0,179740.0628,0,1654.193676,0,0,-106018.4321,0,0,0,0,0,0,0,13.25
6/30/2017,BLL_1733,0,177593.2439,0,1405.084929,0,0,-105611.141,0,0,0,0,0,0,0,13.33333333
6/30/2017,BLL_1733,0,175472.9041,0,1131.194719,0,0,-105189.6137,0,0,0,0,0,0,0,13.41666667
6/30/2017,BLL_1733,0,173378.6215,0,993.522458,0,0,-104762.5488,0,0,0,0,0,0,0,13.5
6/30/2017,BLL_1733,0,171310.024,0,858.8809447,0,0,-104332.2161,0,0,0,0,0,0,0,13.58333333
6/30/2017,BLL_1733,0,169266.7495,0,727.2180736,0,0,-103899.6969,0,0,0,0,0,0,0,13.66666667
6/30/2017,BLL_1733,0,169954.976,0,-17759.49271,0,0,-104336.3486,0,0,0,0,0,0,0,13.75
6/30/2017,BLL_1733,0,174997.0568,0,-59086.24989,0,0,-106253.8585,0,0,0,0,0,0,0,13.83333333
6/30/2017,BLL_1733,0,181908.801,0,-60668.01189,0,0,-109166.5669,0,0,0,0,0,0,0,13.91666667
6/30/2017,BLL_1733,0,179712.0555,0,1835.608173,0,0,-109110.5277,0,0,0,0,0,0,0,14
6/30/2017,BLL_1733,0,177544.0469,0,1740.148012,0,0,-108823.8779,0,0,0,0,0,0,0,14.08333333
6/30/2017,BLL_1733,0,175405.8743,0,1646.655829,0,0,-108458.5836,0,0,0,0,0,0,0,14.16666667
6/30/2017,BLL_1733,0,173295.3033,0,1513.499297,0,0,-108058.126,0,0,0,0,0,0,0,14.25
6/30/2017,BLL_1733,0,171211.3426,0,1284.296627,0,0,-107640.9861,0,0,0,0,0,0,0,14.33333333
6/30/2017,BLL_1733,0,169153.0615,0,1034.513267,0,0,-107204.0442,0,0,0,0,0,0,0,14.41666667
6/30/2017,BLL_1733,0,167120.0951,0,908.3923156,0,0,-106754.311,0,0,0,0,0,0,0,14.5
6/30/2017,BLL_1733,0,165112.1311,0,785.0522684,0,0,-106302.2563,0,0,0,0,0,0,0,14.58333333
6/30/2017,BLL_1733,0,163128.8379,0,664.445269,0,0,-105850.3952,0,0,0,0,0,0,0,14.66666667
6/30/2017,BLL_1733,0,163369.1943,0,-15959.98663,0,0,-105763.0287,0,0,0,0,0,0,0,14.75
6/30/2017,BLL_1733,0,166108.5708,0,-54317.70817,0,0,-105868.7903,0,0,0,0,0,0,0,14.83333333
6/30/2017,BLL_1733,0,171890.537,0,-54754.45469,0,0,-107787.7267,0,0,0,0,0,0,0,14.91666667
6/30/2017,BLL_1733,0,169801.6802,0,1670.218662,0,0,-107703.033,0,0,0,0,0,0,0,15
6/30/2017,BLL_1733,0,167740.6457,0,1583.181171,0,0,-107396.1368,0,0,0,0,0,0,0,15.08333333
6/30/2017,BLL_1733,0,165708.4581,0,1497.940487,0,0,-107017.044,0,0,0,0,0,0,0,15.16666667
6/30/2017,BLL_1733,0,163702.6934,0,1377.066919,0,0,-106606.0618,0,0,0,0,0,0,0,15.25
6/30/2017,BLL_1733,0,161722.423,0,1167.283253,0,0,-106181.6699,0,0,0,0,0,0,0,15.33333333
6/30/2017,BLL_1733,0,159766.9851,0,940.841636,0,0,-105743.0692,0,0,0,0,0,0,0,15.41666667
6/30/2017,BLL_1733,0,157835.9663,0,825.9926902,0,0,-105300.2107,0,0,0,0,0,0,0,15.5
6/30/2017,BLL_1733,0,155929.0119,0,713.6792389,0,0,-104855.7928,0,0,0,0,0,0,0,15.58333333
6/30/2017,BLL_1733,0,154045.7747,0,603.8576415,0,0,-104410.6532,0,0,0,0,0,0,0,15.66666667
6/30/2017,BLL_1733,0,154690.2458,0,-14275.09928,0,0,-104858.7323,0,0,0,0,0,0,0,15.75
6/30/2017,BLL_1733,0,157521.2056,0,-49725.32229,0,0,-105170.1665,0,0,0,0,0,0,0,15.83333333
6/30/2017,BLL_1733,0,162938.2209,0,-49156.96925,0,0,-107688.8271,0,0,0,0,0,0,0,15.91666667
6/30/2017,BLL_1733,0,160944.8779,0,1513.06007,0,0,-107568.2799,0,0,0,0,0,0,0,16
6/30/2017,BLL_1733,0,158979.1064,0,1434.026635,0,0,-107243.4474,0,0,0,0,0,0,0,16.08333333
6/30/2017,BLL_1733,0,157040.945,0,1356.626516,0,0,-106857.5507,0,0,0,0,0,0,0,16.16666667
6/30/2017,BLL_1733,0,155128.0564,0,1247.359031,0,0,-106445.7541,0,0,0,0,0,0,0,16.25
6/30/2017,BLL_1733,0,153239.6005,0,1056.212794,0,0,-106023.2169,0,0,0,0,0,0,0,16.33333333
6/30/2017,BLL_1733,0,151374.9911,0,851.840035,0,0,-105596.4902,0,0,0,0,0,0,0,16.41666667
6/30/2017,BLL_1733,0,149533.7843,0,747.6978987,0,0,-105166.8337,0,0,0,0,0,0,0,16.5
6/30/2017,BLL_1733,0,147715.6506,0,645.8571296,0,0,-104736.4416,0,0,0,0,0,0,0,16.58333333
6/30/2017,BLL_1733,0,145920.2733,0,546.2781225,0,0,-104306.0065,0,0,0,0,0,0,0,16.66666667
6/30/2017,BLL_1733,0,145924.7252,0,-12657.65237,0,0,-104464.9011,0,0,0,0,0,0,0,16.75
6/30/2017,BLL_1733,0,149048.4944,0,-45473.55331,0,0,-104376.2964,0,0,0,0,0,0,0,16.83333333
6/30/2017,BLL_1733,0,153588.0717,0,-43844.2081,0,0,-105453.1663,0,0,0,0,0,0,0,16.91666667
6/30/2017,BLL_1733,0,151695.4771,0,1364.853205,0,0,-105321.4775,0,0,0,0,0,0,0,17
6/30/2017,BLL_1733,0,149829.6936,0,1293.423949,0,0,-105008.8001,0,0,0,0,0,0,0,17.08333333
6/30/2017,BLL_1733,0,147990.0284,0,1223.472183,0,0,-104640.377,0,0,0,0,0,0,0,17.16666667
6/30/2017,BLL_1733,0,146174.5396,0,1125.251664,0,0,-104249.5761,0,0,0,0,0,0,0,17.25
6/30/2017,BLL_1733,0,144382.3941,0,951.4355632,0,0,-103850.1897,0,0,0,0,0,0,0,17.33333333
6/30/2017,BLL_1733,0,142613.0445,0,768.0224307,0,0,-103447.4754,0,0,0,0,0,0,0,17.41666667
6/30/2017,BLL_1733,0,140866.1086,0,674.0080447,0,0,-103042.4269,0,0,0,0,0,0,0,17.5
6/30/2017,BLL_1733,0,139141.2635,0,582.0726978,0,0,-102637.1248,0,0,0,0,0,0,0,17.58333333
6/30/2017,BLL_1733,0,137438.202,0,492.180646,0,0,-102232.2374,0,0,0,0,0,0,0,17.66666667
6/30/2017,BLL_1733,0,137542.1818,0,-11083.87206,0,0,-102229.4723,0,0,0,0,0,0,0,17.75
6/30/2017,BLL_1733,0,141412.7587,0,-41544.31228,0,0,-102862.379,0,0,0,0,0,0,0,17.83333333
6/30/2017,BLL_1733,0,146459.8823,0,-38914.68974,0,0,-104989.9418,0,0,0,0,0,0,0,17.91666667
6/30/2017,BLL_1733,0,144639.983,0,1226.6372,0,0,-104862.9345,0,0,0,0,0,0,0,18
6/30/2017,BLL_1733,0,142846.0951,0,1162.285792,0,0,-104565.6336,0,0,0,0,0,0,0,18.08333333
6/30/2017,BLL_1733,0,141077.5863,0,1099.266038,0,0,-104212.6132,0,0,0,0,0,0,0,18.16666667
6/30/2017,BLL_1733,0,139332.6794,0,1011.53178,0,0,-103836.4921,0,0,0,0,0,0,0,18.25
6/30/2017,BLL_1733,0,137610.5472,0,853.858353,0,0,-103450.5849,0,0,0,0,0,0,0,18.33333333
6/30/2017,BLL_1733,0,135910.6187,0,689.8723654,0,0,-103059.9647,0,0,0,0,0,0,0,18.41666667
6/30/2017,BLL_1733,0,134232.4954,0,605.2894688,0,0,-102666.174,0,0,0,0,0,0,0,18.5
6/30/2017,BLL_1733,0,132575.8461,0,522.5774102,0,0,-102271.3446,0,0,0,0,0,0,0,18.58333333
6/30/2017,BLL_1733,0,130940.3562,0,441.7040941,0,0,-101876.1782,0,0,0,0,0,0,0,18.66666667
6/30/2017,BLL_1733,0,131370.8979,0,-9600.545983,0,0,-102200.325,0,0,0,0,0,0,0,18.75
6/30/2017,BLL_1733,0,135109.6182,0,-37638.51394,0,0,-103830.2675,0,0,0,0,0,0,0,18.83333333
6/30/2017,BLL_1733,0,138274.0747,0,-33970.89103,0,0,-104641.6922,0,0,0,0,0,0,0,18.91666667
6/30/2017,BLL_1733,0,136541.5902,0,1090.94827,0,0,-104463.5727,0,0,0,0,0,0,0,19
6/30/2017,BLL_1733,0,134834.183,0,1033.38853,0,0,-104142.4462,0,0,0,0,0,0,0,19.08333333
6/30/2017,BLL_1733,0,133150.9695,0,977.019767,0,0,-103776.6399,0,0,0,0,0,0,0,19.16666667
6/30/2017,BLL_1733,0,131490.2192,0,899.2428959,0,0,-103393.1151,0,0,0,0,0,0,0,19.25
6/30/2017,BLL_1733,0,129851.1731,0,757.4614522,0,0,-103002.7991,0,0,0,0,0,0,0,19.33333333
6/30/2017,BLL_1733,0,128233.3678,0,612.817162,0,0,-102608.8641,0,0,0,0,0,0,0,19.41666667
6/30/2017,BLL_1733,0,126636.4608,0,537.4020699,0,0,-102212.1182,0,0,0,0,0,0,0,19.5
6/30/2017,BLL_1733,0,125060.151,0,463.6534463,0,0,-101813.8184,0,0,0,0,0,0,0,19.58333333
6/30/2017,BLL_1733,0,123504.1457,0,391.5428363,0,0,-101416.3888,0,0,0,0,0,0,0,19.66666667
6/30/2017,BLL_1733,0,122729.6523,0,-8199.817347,0,0,-100092.7727,0,0,0,0,0,0,0,19.75
6/30/2017,BLL_1733,0,125807.6651,0,-33263.63173,0,0,-100367.9798,0,0,0,0,0,0,0,19.83333333
6/30/2017,BLL_1733,0,129271.0361,0,-29869.34489,0,0,-100242.9114,0,0,0,0,0,0,0,19.91666667
6/30/2017,BLL_1733,0,127637.7783,0,960.0809209,0,0,-100078.0693,0,0,0,0,0,0,0,20
6/30/2017,BLL_1733,0,126028.1626,0,909.2689445,0,0,-99775.97687,0,0,0,0,0,0,0,20.08333333
6/30/2017,BLL_1733,0,124441.8554,0,859.5058819,0,0,-99429.00018,0,0,0,0,0,0,0,20.16666667
6/30/2017,BLL_1733,0,122877.0895,0,791.4072312,0,0,-99062.75109,0,0,0,0,0,0,0,20.25
6/30/2017,BLL_1733,0,121333.1414,0,666.8074241,0,0,-98688.71449,0,0,0,0,0,0,0,20.33333333
6/30/2017,BLL_1733,0,119809.47,0,539.1467172,0,0,-98311.09883,0,0,0,0,0,0,0,20.41666667
6/30/2017,BLL_1733,0,118305.7228,0,472.6717976,0,0,-97931.32773,0,0,0,0,0,0,0,20.5
6/30/2017,BLL_1733,0,116821.6066,0,407.6616085,0,0,-97551.21179,0,0,0,0,0,0,0,20.58333333
6/30/2017,BLL_1733,0,115356.8307,0,344.091349,0,0,-97171.5403,0,0,0,0,0,0,0,20.66666667
6/30/2017,BLL_1733,0,115812.374,0,-6963.531211,0,0,-97635.13059,0,0,0,0,0,0,0,20.75
6/30/2017,BLL_1733,0,118606.9717,0,-28369.74393,0,0,-98516.34156,0,0,0,0,0,0,0,20.83333333
6/30/2017,BLL_1733,0,122067.7841,0,-25926.77005,0,0,-99248.34257,0,0,0,0,0,0,0,20.91666667
6/30/2017,BLL_1733,0,120509.782,0,829.1975275,0,0,-99097.5512,0,0,0,0,0,0,0,21
6/30/2017,BLL_1733,0,118974.5986,0,784.788578,0,0,-98820.08251,0,0,0,0,0,0,0,21.08333333
6/30/2017,BLL_1733,0,117461.943,0,741.2938419,0,0,-98498.89686,0,0,0,0,0,0,0,21.16666667
6/30/2017,BLL_1733,0,115970.1244,0,682.2234047,0,0,-98158.42127,0,0,0,0,0,0,0,21.25
6/30/2017,BLL_1733,0,114498.4055,0,575.5795296,0,0,-97809.72089,0,0,0,0,0,0,0,21.33333333
6/30/2017,BLL_1733,0,113046.2591,0,464.8994377,0,0,-97457.2858,0,0,0,0,0,0,0,21.41666667
6/30/2017,BLL_1733,0,111613.2791,0,407.1769954,0,0,-97102.41882,0,0,0,0,0,0,0,21.5
6/30/2017,BLL_1733,0,110199.1737,0,350.7189864,0,0,-96747.59127,0,0,0,0,0,0,0,21.58333333
6/30/2017,BLL_1733,0,108803.6529,0,295.5042474,0,0,-96393.65887,0,0,0,0,0,0,0,21.66666667
6/30/2017,BLL_1733,0,108147.4981,0,-5797.290859,0,0,-95469.23307,0,0,0,0,0,0,0,21.75
6/30/2017,BLL_1733,0,111277.7603,0,-26177.04353,0,0,-97021.77724,0,0,0,0,0,0,0,21.83333333
6/30/2017,BLL_1733,0,113164.6403,0,-22199.0805,0,0,-97065.05143,0,0,0,0,0,0,0,21.91666667
6/30/2017,BLL_1733,0,111712.0538,0,729.3004525,0,0,-96918.63768,0,0,0,0,0,0,0,22
6/30/2017,BLL_1733,0,110280.8765,0,691.2117761,0,0,-96663.06075,0,0,0,0,0,0,0,22.08333333
6/30/2017,BLL_1733,0,108870.5312,0,653.8959721,0,0,-96368.38065,0,0,0,0,0,0,0,22.16666667
6/30/2017,BLL_1733,0,107479.7546,0,603.5469828,0,0,-96056.30925,0,0,0,0,0,0,0,22.25
6/30/2017,BLL_1733,0,106107.8814,0,506.3661494,0,0,-95736.7101,0,0,0,0,0,0,0,22.33333333
6/30/2017,BLL_1733,0,104754.4071,0,410.6378141,0,0,-95413.17314,0,0,0,0,0,0,0,22.41666667
6/30/2017,BLL_1733,0,103419.0099,0,360.3922049,0,0,-95087.08728,0,0,0,0,0,0,0,22.5
6/30/2017,BLL_1733,0,102101.4099,0,311.2394705,0,0,-94760.21628,0,0,0,0,0,0,0,22.58333333
6/30/2017,BLL_1733,0,100801.3338,0,263.1615634,0,0,-94433.2252,0,0,0,0,0,0,0,22.66666667
6/30/2017,BLL_1733,0,101101.53,0,-4757.031382,0,0,-94740.41178,0,0,0,0,0,0,0,22.75
6/30/2017,BLL_1733,0,103796.6133,0,-23307.13815,0,0,-95817.07193,0,0,0,0,0,0,0,22.83333333
6/30/2017,BLL_1733,0,107871.1482,0,-18934.5015,0,0,-98282.84864,0,0,0,0,0,0,0,22.91666667
6/30/2017,BLL_1733,0,106472.8683,0,638.2442146,0,0,-98129.57694,0,0,0,0,0,0,0,23
6/30/2017,BLL_1733,0,105095.8454,0,604.2055023,0,0,-97876.23254,0,0,0,0,0,0,0,23.08333333
6/30/2017,BLL_1733,0,103739.0432,0,570.8610985,0,0,-97589.19809,0,0,0,0,0,0,0,23.16666667
6/30/2017,BLL_1733,0,102401.2053,0,526.8065343,0,0,-97286.83033,0,0,0,0,0,0,0,23.25
6/30/2017,BLL_1733,0,101081.7189,0,441.2767901,0,0,-96977.512,0,0,0,0,0,0,0,23.33333333
6/30/2017,BLL_1733,0,99780.16096,0,358.0099459,0,0,-96664.15667,0,0,0,0,0,0,0,23.41666667
6/30/2017,BLL_1733,0,98496.21798,0,313.6350808,0,0,-96347.98346,0,0,0,0,0,0,0,23.5
6/30/2017,BLL_1733,0,97229.60817,0,270.2247532,0,0,-96030.68271,0,0,0,0,0,0,0,23.58333333
6/30/2017,BLL_1733,0,95980.06398,0,227.7631447,0,0,-95712.86511,0,0,0,0,0,0,0,23.66666667
6/30/2017,BLL_1733,0,96168.08294,0,-3781.648323,0,0,-95915.4172,0,0,0,0,0,0,0,23.75
6/30/2017,BLL_1733,0,98164.07386,0,-20220.80398,0,0,-95638.79729,0,0,0,0,0,0,0,23.83333333
6/30/2017,BLL_1733,0,102190.372,0,-15833.43071,0,0,-98179.17589,0,0,0,0,0,0,0,23.91666667
6/30/2017,BLL_1733,0,100852.2067,0,543.980064,0,0,-98002.85674,0,0,0,0,0,0,0,24
6/30/2017,BLL_1733,0,99534.97846,0,514.8337393,0,0,-97735.88324,0,0,0,0,0,0,0,24.08333333
6/30/2017,BLL_1733,0,98237.27131,0,486.2758808,0,0,-97440.34039,0,0,0,0,0,0,0,24.16666667
6/30/2017,BLL_1733,0,96957.81331,0,449.1562679,0,0,-97132.76086,0,0,0,0,0,0,0,24.25
6/30/2017,BLL_1733,0,95696.03704,0,375.4572786,0,0,-96821.41374,0,0,0,0,0,0,0,24.33333333
6/30/2017,BLL_1733,0,94451.51767,0,304.9793645,0,0,-96510.05832,0,0,0,0,0,0,0,24.41666667
6/30/2017,BLL_1733,0,93223.88895,0,267.0556851,0,0,-96199.38564,0,0,0,0,0,0,0,24.5
6/30/2017,BLL_1733,0,92012.90137,0,229.9470763,0,0,-95890.54368,0,0,0,0,0,0,0,24.58333333
6/30/2017,BLL_1733,0,90818.31417,0,193.6405105,0,0,-95584.03074,0,0,0,0,0,0,0,24.66666667
6/30/2017,BLL_1733,0,89543.82662,0,-2866.877839,0,0,-92655.9212,0,0,0,0,0,0,0,24.75
6/30/2017,BLL_1733,0,91727.13906,0,-17416.02819,0,0,-92267.69094,0,0,0,0,0,0,0,24.83333333
6/30/2017,BLL_1733,0,94237.05488,0,-12894.05778,0,0,-91524.75164,0,0,0,0,0,0,0,24.91666667
6/30/2017,BLL_1733,0,92988.74557,0,456.0568966,0,0,-91342.93871,0,0,0,0,0,0,0,25
6/30/2017,BLL_1733,0,91759.91169,0,431.5454861,0,0,-91087.66205,0,0,0,0,0,0,0,25.08333333
6/30/2017,BLL_1733,0,90549.31081,0,407.521714,0,0,-90806.72763,0,0,0,0,0,0,0,25.16666667
6/30/2017,BLL_1733,0,89356.00148,0,376.9027791,0,0,-90514.03143,0,0,0,0,0,0,0,25.25
6/30/2017,BLL_1733,0,88179.48261,0,314.1231,0,0,-90216.48266,0,0,0,0,0,0,0,25.33333333
6/30/2017,BLL_1733,0,87019.37075,0,255.6429922,0,0,-89916.25657,0,0,0,0,0,0,0,25.41666667
6/30/2017,BLL_1733,0,85875.37471,0,223.7730504,0,0,-89614.27049,0,0,0,0,0,0,0,25.5
6/30/2017,BLL_1733,0,84747.23754,0,192.5768308,0,0,-89311.96977,0,0,0,0,0,0,0,25.58333333
6/30/2017,BLL_1733,0,83634.70794,0,162.0439429,0,0,-89009.89983,0,0,0,0,0,0,0,25.66666667
6/30/2017,BLL_1733,0,83600.413,0,-2129.504347,0,0,-88858.37116,0,0,0,0,0,0,0,25.75
6/30/2017,BLL_1733,0,86461.54151,0,-14806.91742,0,0,-90418.3389,0,0,0,0,0,0,0,25.83333333
6/30/2017,BLL_1733,0,88860.3119,0,-10180.07214,0,0,-91459.49748,0,0,0,0,0,0,0,25.91666667
6/30/2017,BLL_1733,0,87667.86933,0,376.2100641,0,0,-91297.96065,0,0,0,0,0,0,0,26
6/30/2017,BLL_1733,0,86494.25633,0,355.855043,0,0,-91067.91402,0,0,0,0,0,0,0,26.08333333
6/30/2017,BLL_1733,0,85338.51068,0,335.8953868,0,0,-90812.94239,0,0,0,0,0,0,0,26.16666667
6/30/2017,BLL_1733,0,84199.59624,0,310.952312,0,0,-90547.04132,0,0,0,0,0,0,0,26.25
6/30/2017,BLL_1733,0,83076.943,0,258.1966096,0,0,-90279.27658,0,0,0,0,0,0,0,26.33333333
6/30/2017,BLL_1733,0,81969.95429,0,210.6677269,0,0,-90011.81138,0,0,0,0,0,0,0,26.41666667
6/30/2017,BLL_1733,0,80878.34787,0,184.257098,0,0,-89744.93691,0,0,0,0,0,0,0,26.5
6/30/2017,BLL_1733,0,79801.91806,0,158.3921818,0,0,-89479.79449,0,0,0,0,0,0,0,26.58333333
6/30/2017,BLL_1733,0,78740.44011,0,133.0652858,0,0,-89216.67697,0,0,0,0,0,0,0,26.66666667
6/30/2017,BLL_1733,0,78767.31834,0,-1462.385239,0,0,-89498.90886,0,0,0,0,0,0,0,26.75
6/30/2017,BLL_1733,0,79568.93964,0,-5778.54584,0,0,-89912.52551,0,0,0,0,0,0,0,26.83333333
6/30/2017,BLL_1733,0,82063.13939,0,-7564.796895,0,0,-90230.34695,0,0,0,0,0,0,0,26.91666667
6/30/2017,BLL_1733,0,80947.36813,0,232.6072656,0,0,-90085.1999,0,0,0,0,0,0,0,27
6/30/2017,BLL_1733,0,79848.80483,0,217.1293813,0,0,-89877.75413,0,0,0,0,0,0,0,27.08333333
6/30/2017,BLL_1733,0,78767.28078,0,201.9480492,0,0,-89647.72826,0,0,0,0,0,0,0,27.16666667
6/30/2017,BLL_1733,0,77701.80677,0,183.2339082,0,0,-89407.47829,0,0,0,0,0,0,0,27.25
6/30/2017,BLL_1733,0,76651.84543,0,159.3148694,0,0,-89163.74495,0,0,0,0,0,0,0,27.33333333
6/30/2017,BLL_1733,0,75616.94348,0,125.7830573,0,0,-88918.73999,0,0,0,0,0,0,0,27.41666667
6/30/2017,BLL_1733,0,74596.8097,0,107.7337781,0,0,-88673.08429,0,0,0,0,0,0,0,27.5
6/30/2017,BLL_1733,0,73591.20831,0,90.02652734,0,0,-88428.1097,0,0,0,0,0,0,0,27.58333333
6/30/2017,BLL_1733,0,72599.90398,0,72.65746578,0,0,-88184.21037,0,0,0,0,0,0,0,27.66666667
6/30/2017,BLL_1733,0,72522.4034,0,-897.8122793,0,0,-87747.61583,0,0,0,0,0,0,0,27.75
6/30/2017,BLL_1733,0,73440.52133,0,-7918.185466,0,0,-86539.57808,0,0,0,0,0,0,0,27.83333333
6/30/2017,BLL_1733,0,75662.86026,0,-4069.681278,0,0,-88344.41815,0,0,0,0,0,0,0,27.91666667
6/30/2017,BLL_1733,0,74621.26053,0,180.3911243,0,0,-88229.0825,0,0,0,0,0,0,0,28
6/30/2017,BLL_1733,0,73595.60284,0,172.3021714,0,0,-88054.25255,0,0,0,0,0,0,0,28.08333333
6/30/2017,BLL_1733,0,72586.26268,0,164.3170103,0,0,-87856.85409,0,0,0,0,0,0,0,28.16666667
6/30/2017,BLL_1733,0,71592.24034,0,153.988118,0,0,-87648.53736,0,0,0,0,0,0,0,28.25
6/30/2017,BLL_1733,0,70612.99371,0,124.5574845,0,0,-87435.2042,0,0,0,0,0,0,0,28.33333333
6/30/2017,BLL_1733,0,69648.12165,0,104.5294077,0,0,-87218.65254,0,0,0,0,0,0,0,28.41666667
6/30/2017,BLL_1733,0,68697.34115,0,92.6377268,0,0,-86999.73481,0,0,0,0,0,0,0,28.5
6/30/2017,BLL_1733,0,67760.40476,0,80.92820747,0,0,-86779.83941,0,0,0,0,0,0,0,28.58333333
6/30/2017,BLL_1733,0,66837.07502,0,69.4002469,0,0,-86559.43785,0,0,0,0,0,0,0,28.66666667
6/30/2017,BLL_1733,0,66605.15558,0,-345.5435003,0,0,-85975.31204,0,0,0,0,0,0,0,28.75
6/30/2017,BLL_1733,0,68594.22245,0,-7656.463961,0,0,-86362.30362,0,0,0,0,0,0,0,28.83333333
6/30/2017,BLL_1733,0,71381.77119,0,-3017.462567,0,0,-87842.86081,0,0,0,0,0,0,0,28.91666667
6/30/2017,BLL_1733,0,70386.16781,0,160.6136589,0,0,-87715.44965,0,0,0,0,0,0,0,29
6/30/2017,BLL_1733,0,69406.09228,0,152.1358806,0,0,-87538.39334,0,0,0,0,0,0,0,29.08333333
6/30/2017,BLL_1733,0,68441.67146,0,143.7833218,0,0,-87342.16936,0,0,0,0,0,0,0,29.16666667
6/30/2017,BLL_1733,0,67492.03519,0,134.3311855,0,0,-87137.50642,0,0,0,0,0,0,0,29.25
6/30/2017,BLL_1733,0,66556.66339,0,109.2094393,0,0,-86929.948,0,0,0,0,0,0,0,29.33333333
6/30/2017,BLL_1733,0,65635.17671,0,90.50950639,0,0,-86721.89757,0,0,0,0,0,0,0,29.41666667
6/30/2017,BLL_1733,0,64727.24562,0,79.1541012,0,0,-86513.92953,0,0,0,0,0,0,0,29.5
6/30/2017,BLL_1733,0,63832.64424,0,67.97766409,0,0,-86307.14137,0,0,0,0,0,0,0,29.58333333
6/30/2017,BLL_1733,0,62951.15445,0,56.9796043,0,0,-86101.90618,0,0,0,0,0,0,0,29.66666667
6/30/2017,BLL_1733,0,62770.21902,0,103.3132483,0,0,-85757.10236,0,0,0,0,0,0,0,29.75
6/30/2017,BLL_1733,0,64435.58066,0,-6936.566005,0,0,-85286.91876,0,0,0,0,0,0,0,29.83333333
6/30/2017,BLL_1733,0,65954.88583,0,-355.6522479,0,0,-83885.44163,0,0,0,0,0,0,0,29.91666667
6/30/2017,BLL_1733,0,65023.41852,0,113.7659692,0,0,-83758.46117,0,0,0,0,0,0,0,30
6/30/2017,BLL_1733,0,64106.77721,0,107.0219165,0,0,-83591.94088,0,0,0,0,0,0,0,30.08333333
6/30/2017,BLL_1733,0,63204.80004,0,100.3686397,0,0,-83411.16699,0,0,0,0,0,0,0,30.16666667
6/30/2017,BLL_1733,0,62316.73674,0,93.60263013,0,0,-83224.31613,0,0,0,0,0,0,0,30.25
6/30/2017,BLL_1733,0,61442.17081,0,71.61192297,0,0,-83035.56242,0,0,0,0,0,0,0,30.33333333
6/30/2017,BLL_1733,0,60580.78771,0,62.44469204,0,0,-82845.91301,0,0,0,0,0,0,0,30.41666667
6/30/2017,BLL_1733,0,59732.33831,0,53.9264166,0,0,-82655.98754,0,0,0,0,0,0,0,30.5
6/30/2017,BLL_1733,0,58896.59115,0,45.52080217,0,0,-82466.83674,0,0,0,0,0,0,0,30.58333333
6/30/2017,BLL_1733,0,58073.32779,0,37.22860307,0,0,-82278.82188,0,0,0,0,0,0,0,30.66666667
6/30/2017,BLL_1733,0,57815.63421,0,481.9251772,0,0,-82054.22602,0,0,0,0,0,0,0,30.75
6/30/2017,BLL_1733,0,59534.55508,0,-4142.980089,0,0,-82410.2815,0,0,0,0,0,0,0,30.83333333
6/30/2017,BLL_1733,0,60495.0338,0,-925.4293956,0,0,-81702.49407,0,0,0,0,0,0,0,30.91666667
6/30/2017,BLL_1733,0,59633.9947,0,76.66618748,0,0,-81596.25547,0,0,0,0,0,0,0,31
6/30/2017,BLL_1733,0,58787.34843,0,72.04577955,0,0,-81455.85465,0,0,0,0,0,0,0,31.08333333
6/30/2017,BLL_1733,0,57954.18936,0,67.47439535,0,0,-81303.99255,0,0,0,0,0,0,0,31.16666667
6/30/2017,BLL_1733,0,57133.86167,0,63.62795407,0,0,-81147.51822,0,0,0,0,0,0,0,31.25
6/30/2017,BLL_1733,0,56326.01195,0,51.09896274,0,0,-80989.16846,0,0,0,0,0,0,0,31.33333333
6/30/2017,BLL_1733,0,55530.41367,0,42.51184085,0,0,-80829.47042,0,0,0,0,0,0,0,31.41666667
6/30/2017,BLL_1733,0,54746.86582,0,36.64635062,0,0,-80668.84269,0,0,0,0,0,0,0,31.5
6/30/2017,BLL_1733,0,53975.16505,0,30.83990174,0,0,-80508.21088,0,0,0,0,0,0,0,31.58333333
6/30/2017,BLL_1733,0,53215.1152,0,25.09392596,0,0,-80347.84213,0,0,0,0,0,0,0,31.66666667
6/30/2017,BLL_1733,0,51946.40639,0,-424.8792802,0,0,-79967.33419,0,0,0,0,0,0,0,31.75
6/30/2017,BLL_1733,0,53177.60384,0,-4058.756749,0,0,-79865.38149,0,0,0,0,0,0,0,31.83333333
6/30/2017,BLL_1733,0,54590.58685,0,162.8552103,0,0,-79392.46482,0,0,0,0,0,0,0,31.91666667
6/30/2017,BLL_1733,0,53811.77287,0,68.3359725,0,0,-79308.15426,0,0,0,0,0,0,0,32
6/30/2017,BLL_1733,0,53046.06002,0,64.38205078,0,0,-79195.38199,0,0,0,0,0,0,0,32.08333333
6/30/2017,BLL_1733,0,52292.51761,0,60.47738327,0,0,-79075.00029,0,0,0,0,0,0,0,32.16666667
6/30/2017,BLL_1733,0,51550.50522,0,55.59965576,0,0,-78952.26341,0,0,0,0,0,0,0,32.25
6/30/2017,BLL_1733,0,50819.75886,0,42.32453467,0,0,-78829.61119,0,0,0,0,0,0,0,32.33333333
6/30/2017,BLL_1733,0,50100.0643,0,37.33550162,0,0,-78707.2651,0,0,0,0,0,0,0,32.41666667
6/30/2017,BLL_1733,0,49391.23098,0,32.25019718,0,0,-78585.58466,0,0,0,0,0,0,0,32.5
6/30/2017,BLL_1733,0,48693.07714,0,27.22975971,0,0,-78465.34915,0,0,0,0,0,0,0,32.58333333
6/30/2017,BLL_1733,0,48005.42506,0,22.27489417,0,0,-78346.78362,0,0,0,0,0,0,0,32.66666667
6/30/2017,BLL_1733,0,47496.57616,0,-246.0197473,0,0,-75625.48164,0,0,0,0,0,0,0,32.75
6/30/2017,BLL_1733,0,49097.14615,0,-2751.555265,0,0,-75719.0242,0,0,0,0,0,0,0,32.83333333
6/30/2017,BLL_1733,0,49978.45124,0,2603.904893,0,0,-74696.2444,0,0,0,0,0,0,0,32.91666667
6/30/2017,BLL_1733,0,49253.04065,0,19.85230049,0,0,-74630.53459,0,0,0,0,0,0,0,33
6/30/2017,BLL_1733,0,48539.7283,0,17.90125998,0,0,-74537.98056,0,0,0,0,0,0,0,33.08333333
6/30/2017,BLL_1733,0,47838.11049,0,15.9550712,0,0,-74437.03367,0,0,0,0,0,0,0,33.16666667
6/30/2017,BLL_1733,0,47147.5691,0,13.20849255,0,0,-74332.76341,0,0,0,0,0,0,0,33.25
6/30/2017,BLL_1733,0,46467.81118,0,5.371658816,0,0,-74227.5404,0,0,0,0,0,0,0,33.33333333
6/30/2017,BLL_1733,0,45798.60119,0,8.694325661,0,0,-74121.87569,0,0,0,0,0,0,0,33.41666667
6/30/2017,BLL_1733,0,45139.72802,0,6.618739878,0,0,-74016.0482,0,0,0,0,0,0,0,33.5
6/30/2017,BLL_1733,0,44491.01414,0,4.530695889,0,0,-73910.85231,0,0,0,0,0,0,0,33.58333333
6/30/2017,BLL_1733,0,43852.28623,0,2.432417367,0,0,-73806.4672,0,0,0,0,0,0,0,33.66666667
6/30/2017,BLL_1733,0,43769.90524,0,14.71033787,0,0,-74097.78832,0,0,0,0,0,0,0,33.75
6/30/2017,BLL_1733,0,44575.63225,0,-1457.708894,0,0,-72646.39977,0,0,0,0,0,0,0,33.83333333
6/30/2017,BLL_1733,0,45582.97628,0,3026.786238,0,0,-71371.57196,0,0,0,0,0,0,0,33.91666667
6/30/2017,BLL_1733,0,44909.63377,0,-11.09745355,0,0,-71317.29324,0,0,0,0,0,0,0,34
6/30/2017,BLL_1733,0,44247.50831,0,-10.55943572,0,0,-71242.08551,0,0,0,0,0,0,0,34.08333333
6/30/2017,BLL_1733,0,43596.40891,0,-10.08205752,0,0,-71159.72447,0,0,0,0,0,0,0,34.16666667
6/30/2017,BLL_1733,0,42955.84186,0,-9.699502781,0,0,-71074.28288,0,0,0,0,0,0,0,34.25
6/30/2017,BLL_1733,0,42325.52758,0,-12.37702658,0,0,-70987.72891,0,0,0,0,0,0,0,34.33333333
6/30/2017,BLL_1733,0,41705.23787,0,-6.856089062,0,0,-70900.78436,0,0,0,0,0,0,0,34.41666667
6/30/2017,BLL_1733,0,41094.75678,0,-6.384995903,0,0,-70813.62432,0,0,0,0,0,0,0,34.5
6/30/2017,BLL_1733,0,40493.91177,0,-5.995921765,0,0,-70726.93042,0,0,0,0,0,0,0,34.58333333
6/30/2017,BLL_1733,0,39902.53466,0,-5.685088424,0,0,-70640.88397,0,0,0,0,0,0,0,34.66666667
6/30/2017,BLL_1733,0,39763.32755,0,272.8143554,0,0,-70706.66161,0,0,0,0,0,0,0,34.75
6/30/2017,BLL_1733,0,40106.68368,0,-197.5909666,0,0,-69449.12584,0,0,0,0,0,0,0,34.83333333
6/30/2017,BLL_1733,0,41487.24651,0,3978.072267,0,0,-69034.28958,0,0,0,0,0,0,0,34.91666667
6/30/2017,BLL_1733,0,40862.68201,0,-39.78415262,0,0,-69001.56246,0,0,0,0,0,0,0,35
6/30/2017,BLL_1733,0,40248.52027,0,-38.16558636,0,0,-68951.16209,0,0,0,0,0,0,0,35.08333333
6/30/2017,BLL_1733,0,39644.78164,0,-36.63351199,0,0,-68894.53558,0,0,0,0,0,0,0,35.16666667
6/30/2017,BLL_1733,0,39051.04092,0,-34.66833189,0,0,-68834.99422,0,0,0,0,0,0,0,35.25
6/30/2017,BLL_1733,0,38467.03888,0,-33.47223905,0,0,-68774.19211,0,0,0,0,0,0,0,35.33333333
6/30/2017,BLL_1733,0,37892.55595,0,-23.61981225,0,0,-68712.49044,0,0,0,0,0,0,0,35.41666667
6/30/2017,BLL_1733,0,37327.39323,0,-21.41795399,0,0,-68650.06439,0,0,0,0,0,0,0,35.5
6/30/2017,BLL_1733,0,36771.37971,0,-19.34589754,0,0,-68587.65787,0,0,0,0,0,0,0,35.58333333
6/30/2017,BLL_1733,0,36224.34814,0,-17.39872127,0,0,-68525.43927,0,0,0,0,0,0,0,35.66666667
6/30/2017,BLL_1733,0,36128.48052,0,390.7270766,0,0,-68795.60325,0,0,0,0,0,0,0,35.75
6/30/2017,BLL_1733,0,37173.87149,0,683.1939541,0,0,-68419.10861,0,0,0,0,0,0,0,35.83333333
6/30/2017,BLL_1733,0,38033.91664,0,4662.205477,0,0,-68243.15706,0,0,0,0,0,0,0,35.91666667
6/30/2017,BLL_1733,0,37453.10087,0,-62.63485869,0,0,-68238.09271,0,0,0,0,0,0,0,36
6/30/2017,BLL_1733,0,36882.11753,0,-59.63181574,0,0,-68218.26313,0,0,0,0,0,0,0,36.08333333
6/30/2017,BLL_1733,0,36320.95596,0,-56.75141536,0,0,-68192.90365,0,0,0,0,0,0,0,36.16666667
6/30/2017,BLL_1733,0,35769.25146,0,-53.16787716,0,0,-68164.90272,0,0,0,0,0,0,0,36.25
6/30/2017,BLL_1733,0,35226.7582,0,-48.82703677,0,0,-68135.90755,0,0,0,0,0,0,0,36.33333333
6/30/2017,BLL_1733,0,34693.25721,0,-36.06047738,0,0,-68106.01576,0,0,0,0,0,0,0,36.41666667
6/30/2017,BLL_1733,0,34168.56496,0,-32.20970067,0,0,-68075.41952,0,0,0,0,0,0,0,36.5
6/30/2017,BLL_1733,0,33652.5147,0,-28.53427455,0,0,-68044.90928,0,0,0,0,0,0,0,36.58333333
6/30/2017,BLL_1733,0,33144.94233,0,-25.02820926,0,0,-68014.66404,0,0,0,0,0,0,0,36.66666667
6/30/2017,BLL_1733,0,33105.14276,0,581.2454517,0,0,-68333.50891,0,0,0,0,0,0,0,36.75
6/30/2017,BLL_1733,0,33746.987,0,1230.101438,0,0,-67817.28776,0,0,0,0,0,0,0,36.83333333
6/30/2017,BLL_1733,0,35293.48167,0,5572.070751,0,0,-68361.81716,0,0,0,0,0,0,0,36.91666667
6/30/2017,BLL_1733,0,34747.16413,0,-84.12781062,0,0,-68373.39985,0,0,0,0,0,0,0,37
6/30/2017,BLL_1733,0,34210.25131,0,-79.94674354,0,0,-68372.83538,0,0,0,0,0,0,0,37.08333333
6/30/2017,BLL_1733,0,33682.70841,0,-75.91899801,0,0,-68368.67207,0,0,0,0,0,0,0,37.16666667
6/30/2017,BLL_1733,0,33164.16662,0,-70.78002655,0,0,-68363.68757,0,0,0,0,0,0,0,37.25
6/30/2017,BLL_1733,0,32654.38972,0,-64.08154608,0,0,-68359.05982,0,0,0,0,0,0,0,37.33333333
6/30/2017,BLL_1733,0,32153.17707,0,-48.07747758,0,0,-68354.80382,0,0,0,0,0,0,0,37.41666667
6/30/2017,BLL_1733,0,31660.3444,0,-42.74652598,0,0,-68350.97102,0,0,0,0,0,0,0,37.5
6/30/2017,BLL_1733,0,31175.73501,0,-37.63202338,0,0,-68348.22669,0,0,0,0,0,0,0,37.58333333
6/30/2017,BLL_1733,0,30699.19356,0,-32.72695741,0,0,-68346.69985,0,0,0,0,0,0,0,37.66666667
6/30/2017,BLL_1733,0,30689.88261,0,685.5447556,0,0,-68673.05501,0,0,0,0,0,0,0,37.75
6/30/2017,BLL_1733,0,31576.41617,0,1777.813874,0,0,-68788.93356,0,0,0,0,0,0,0,37.83333333
6/30/2017,BLL_1733,0,32609.24469,0,6879.870568,0,0,-68156.26911,0,0,0,0,0,0,0,37.91666667
6/30/2017,BLL_1733,0,32096.11536,0,-108.9900491,0,0,-68199.23145,0,0,0,0,0,0,0,38
6/30/2017,BLL_1733,0,31592.19296,0,-103.5705101,0,0,-68232.4837,0,0,0,0,0,0,0,38.08333333
6/30/2017,BLL_1733,0,31097.18001,0,-98.33719546,0,0,-68262.80745,0,0,0,0,0,0,0,38.16666667
6/30/2017,BLL_1733,0,30610.7099,0,-91.80470521,0,0,-68291.6811,0,0,0,0,0,0,0,38.25
6/30/2017,BLL_1733,0,30132.59226,0,-82.79492753,0,0,-68319.96555,0,0,0,0,0,0,0,38.33333333
6/30/2017,BLL_1733,0,29662.65772,0,-62.32799286,0,0,-68347.49709,0,0,0,0,0,0,0,38.41666667
6/30/2017,BLL_1733,0,29200.74357,0,-55.35396175,0,0,-68374.35059,0,0,0,0,0,0,0,38.5
6/30/2017,BLL_1733,0,28746.69585,0,-48.64404699,0,0,-68401.25583,0,0,0,0,0,0,0,38.58333333
6/30/2017,BLL_1733,0,28300.36493,0,-42.19006638,0,0,-68428.36245,0,0,0,0,0,0,0,38.66666667
6/30/2017,BLL_1733,0,27709.64785,0,289.3389626,0,0,-67913.80186,0,0,0,0,0,0,0,38.75
6/30/2017,BLL_1733,0,28732.1051,0,2389.826251,0,0,-68766.00721,0,0,0,0,0,0,0,38.83333333
6/30/2017,BLL_1733,0,29945.64932,0,7730.805309,0,0,-69478.88297,0,0,0,0,0,0,0,38.91666667
6/30/2017,BLL_1733,0,29468.28315,0,-124.4445866,0,0,-69552.50369,0,0,0,0,0,0,0,39
6/30/2017,BLL_1733,0,28999.68211,0,-118.0725675,0,0,-69617.84587,0,0,0,0,0,0,0,39.08333333
6/30/2017,BLL_1733,0,28539.48767,0,-111.9116907,0,0,-69680.54643,0,0,0,0,0,0,0,39.16666667
6/30/2017,BLL_1733,0,28087.36642,0,-105.2308858,0,0,-69741.81396,0,0,0,0,0,0,0,39.25
6/30/2017,BLL_1733,0,27643.13798,0,-93.97902713,0,0,-69802.25854,0,0,0,0,0,0,0,39.33333333
6/30/2017,BLL_1733,0,27206.63932,0,-71.10240607,0,0,-69861.50426,0,0,0,0,0,0,0,39.41666667
6/30/2017,BLL_1733,0,26777.71734,0,-63.01963676,0,0,-69919.63623,0,0,0,0,0,0,0,39.5
6/30/2017,BLL_1733,0,26356.22414,0,-55.23145905,0,0,-69977.38021,0,0,0,0,0,0,0,39.58333333
6/30/2017,BLL_1733,0,25942.01608,0,-47.72900258,0,0,-70034.86493,0,0,0,0,0,0,0,39.66666667
6/30/2017,BLL_1733,0,25714.90159,0,413.0009005,0,0,-69700.54896,0,0,0,0,0,0,0,39.75
6/30/2017,BLL_1733,0,26295.12813,0,2715.492324,0,0,-69534.40163,0,0,0,0,0,0,0,39.83333333
6/30/2017,BLL_1733,0,27101.0187,0,7474.391368,0,0,-69615.06627,0,0,0,0,0,0,0,39.91666667
6/30/2017,BLL_1733,0,26661.79722,0,-129.4107422,0,0,-69695.22949,0,0,0,0,0,0,0,40
6/30/2017,BLL_1733,0,26230.75358,0,-122.39352,0,0,-69770.26641,0,0,0,0,0,0,0,40.08333333
6/30/2017,BLL_1733,0,25807.5748,0,-115.6064739,0,0,-69844.04401,0,0,0,0,0,0,0,40.16666667
6/30/2017,BLL_1733,0,25391.97351,0,-108.0065435,0,0,-69916.99386,0,0,0,0,0,0,0,40.25
6/30/2017,BLL_1733,0,24983.78345,0,-95.4720228,0,0,-69989.26571,0,0,0,0,0,0,0,40.33333333
6/30/2017,BLL_1733,0,24582.85227,0,-72.94661754,0,0,-70060.12592,0,0,0,0,0,0,0,40.41666667
6/30/2017,BLL_1733,0,24189.03429,0,-64.32989631,0,0,-70130.05815,0,0,0,0,0,0,0,40.5
6/30/2017,BLL_1733,0,23802.187,0,-56.02530978,0,0,-70199.46075,0,0,0,0,0,0,0,40.58333333
6/30/2017,BLL_1733,0,23422.17167,0,-48.02348402,0,0,-70268.51692,0,0,0,0,0,0,0,40.66666667
6/30/2017,BLL_1733,0,23259.93406,0,564.6893772,0,0,-70146.49304,0,0,0,0,0,0,0,40.75
6/30/2017,BLL_1733,0,23564.42833,0,2207.58422,0,0,-70218.49879,0,0,0,0,0,0,0,40.83333333
6/30/2017,BLL_1733,0,21559.93625,0,1587.899631,0,0,-65762.01059,0,0,0,0,0,0,0,40.91666667
6/30/2017,BLL_1733,0,21215.30238,0,-51.71761205,0,0,-65925.28826,0,0,0,0,0,0,0,41
6/30/2017,BLL_1733,0,20876.97513,0,-49.1645138,0,0,-66082.40485,0,0,0,0,0,0,0,41.08333333
6/30/2017,BLL_1733,0,20544.8279,0,-46.70139989,0,0,-66236.92062,0,0,0,0,0,0,0,41.16666667
6/30/2017,BLL_1733,0,20218.64347,0,-42.96530291,0,0,-66389.54505,0,0,0,0,0,0,0,41.25
6/30/2017,BLL_1733,0,19898.28061,0,-35.49459741,0,0,-66540.70282,0,0,0,0,0,0,0,41.33333333
6/30/2017,BLL_1733,0,19583.61069,0,-28.76375779,0,0,-66689.807,0,0,0,0,0,0,0,41.41666667
6/30/2017,BLL_1733,0,19274.5103,0,-25.45449408,0,0,-66837.15847,0,0,0,0,0,0,0,41.5
6/30/2017,BLL_1733,0,18970.86532,0,-22.27224192,0,0,-66983.38339,0,0,0,0,0,0,0,41.58333333
6/30/2017,BLL_1733,0,18672.56431,0,-19.21279213,0,0,-67128.61588,0,0,0,0,0,0,0,41.66666667
6/30/2017,BLL_1733,0,18568.47728,0,656.4213627,0,0,-66759.46558,0,0,0,0,0,0,0,41.75
6/30/2017,BLL_1733,0,19371.52282,0,2580.231436,0,0,-67803.98506,0,0,0,0,0,0,0,41.83333333
6/30/2017,BLL_1733,0,19505.37392,0,1360.865006,0,0,-66494.05734,0,0,0,0,0,0,0,41.91666667
6/30/2017,BLL_1733,0,19190.34608,0,-54.53070729,0,0,-66703.35023,0,0,0,0,0,0,0,42
6/30/2017,BLL_1733,0,18881.19847,0,-51.72403102,0,0,-66907.24918,0,0,0,0,0,0,0,42.08333333
6/30/2017,BLL_1733,0,18577.75363,0,-49.01346697,0,0,-67107.95058,0,0,0,0,0,0,0,42.16666667
6/30/2017,BLL_1733,0,18279.83692,0,-44.89201227,0,0,-67305.90516,0,0,0,0,0,0,0,42.25
6/30/2017,BLL_1733,0,17987.32044,0,-36.35516025,0,0,-67501.44264,0,0,0,0,0,0,0,42.33333333
6/30/2017,BLL_1733,0,17700.08535,0,-29.99008822,0,0,-67693.84751,0,0,0,0,0,0,0,42.41666667
6/30/2017,BLL_1733,0,17418.01843,0,-26.42799724,0,0,-67883.43007,0,0,0,0,0,0,0,42.5
6/30/2017,BLL_1733,0,17141.01169,0,-22.99869305,0,0,-68070.88317,0,0,0,0,0,0,0,42.58333333
6/30/2017,BLL_1733,0,16868.95984,0,-19.69786393,0,0,-68256.35266,0,0,0,0,0,0,0,42.66666667
6/30/2017,BLL_1733,0,16758.68143,0,757.239393,0,0,-68521.09431,0,0,0,0,0,0,0,42.75
6/30/2017,BLL_1733,0,17510.00201,0,2868.737718,0,0,-69575.88454,0,0,0,0,0,0,0,42.83333333
6/30/2017,BLL_1733,0,18163.61907,0,1732.673655,0,0,-70117.48498,0,0,0,0,0,0,0,42.91666667
6/30/2017,BLL_1733,0,17867.59445,0,-64.29454631,0,0,-70364.5816,0,0,0,0,0,0,0,43
6/30/2017,BLL_1733,0,17577.15895,0,-60.95756143,0,0,-70606.86576,0,0,0,0,0,0,0,43.08333333
6/30/2017,BLL_1733,0,17292.12289,0,-57.73094868,0,0,-70846.39493,0,0,0,0,0,0,0,43.16666667
6/30/2017,BLL_1733,0,17012.3197,0,-52.89423952,0,0,-71083.71335,0,0,0,0,0,0,0,43.25
6/30/2017,BLL_1733,0,16737.62509,0,-43.22719874,0,0,-71319.15159,0,0,0,0,0,0,0,43.33333333
6/30/2017,BLL_1733,0,16467.92572,0,-35.422518,0,0,-71551.87478,0,0,0,0,0,0,0,43.41666667
6/30/2017,BLL_1733,0,16203.11365,0,-31.19179248,0,0,-71782.22268,0,0,0,0,0,0,0,43.5
6/30/2017,BLL_1733,0,15943.08565,0,-27.11351472,0,0,-72010.92524,0,0,0,0,0,0,0,43.58333333
6/30/2017,BLL_1733,0,15687.74117,0,-23.182902,0,0,-72238.12131,0,0,0,0,0,0,0,43.66666667
6/30/2017,BLL_1733,0,15512.27822,0,828.6695535,0,0,-70884.59533,0,0,0,0,0,0,0,43.75
6/30/2017,BLL_1733,0,16194.84405,0,3199.312109,0,0,-71934.94124,0,0,0,0,0,0,0,43.83333333
6/30/2017,BLL_1733,0,16704.42014,0,2048.383132,0,0,-72194.58171,0,0,0,0,0,0,0,43.91666667
6/30/2017,BLL_1733,0,16428.56461,0,-73.80718963,0,0,-72477.5704,0,0,0,0,0,0,0,44
6/30/2017,BLL_1733,0,16158.02468,0,-69.9643451,0,0,-72755.58588,0,0,0,0,0,0,0,44.08333333
6/30/2017,BLL_1733,0,15892.61726,0,-66.24576313,0,0,-73030.03085,0,0,0,0,0,0,0,44.16666667
6/30/2017,BLL_1733,0,15632.1822,0,-60.77731251,0,0,-73301.17002,0,0,0,0,0,0,0,44.25
6/30/2017,BLL_1733,0,15376.60093,0,-49.78018567,0,0,-73569.55784,0,0,0,0,0,0,0,44.33333333
6/30/2017,BLL_1733,0,15125.75961,0,-40.72615299,0,0,-73834.22857,0,0,0,0,0,0,0,44.41666667
6/30/2017,BLL_1733,0,14879.55538,0,-35.85331463,0,0,-74095.49242,0,0,0,0,0,0,0,44.5
6/30/2017,BLL_1733,0,14637.88912,0,-31.15246811,0,0,-74354.14795,0,0,0,0,0,0,0,44.58333333
6/30/2017,BLL_1733,0,14400.66385,0,-26.61837954,0,0,-74610.34754,0,0,0,0,0,0,0,44.66666667
6/30/2017,BLL_1733,0,14106.62561,0,410.2594858,0,0,-74865.77949,0,0,0,0,0,0,0,44.75
6/30/2017,BLL_1733,0,14641.63901,0,3324.13375,0,0,-74932.01745,0,0,0,0,0,0,0,44.83333333
6/30/2017,BLL_1733,0,15277.83678,0,2302.855884,0,0,-75817.26657,0,0,0,0,0,0,0,44.91666667
6/30/2017,BLL_1733,0,15023.03771,0,-74.50093384,0,0,-76147.35814,0,0,0,0,0,0,0,45
6/30/2017,BLL_1733,0,14773.22511,0,-70.506365,0,0,-76472.37167,0,0,0,0,0,0,0,45.08333333
6/30/2017,BLL_1733,0,14528.2274,0,-66.64122345,0,0,-76793.47339,0,0,0,0,0,0,0,45.16666667
6/30/2017,BLL_1733,0,14287.88802,0,-61.90813125,0,0,-77110.77316,0,0,0,0,0,0,0,45.25
6/30/2017,BLL_1733,0,14052.0937,0,-50.80213618,0,0,-77424.58368,0,0,0,0,0,0,0,45.33333333
6/30/2017,BLL_1733,0,13820.73907,0,-41.17904591,0,0,-77734.11737,0,0,0,0,0,0,0,45.41666667
6/30/2017,BLL_1733,0,13593.70386,0,-36.2056699,0,0,-78039.71298,0,0,0,0,0,0,0,45.5
6/30/2017,BLL_1733,0,13370.89812,0,-31.40803419,0,0,-78342.18982,0,0,0,0,0,0,0,45.58333333
6/30/2017,BLL_1733,0,13152.23434,0,-26.78079315,0,0,-78641.71063,0,0,0,0,0,0,0,45.66666667
6/30/2017,BLL_1733,0,13043.10154,0,457.893699,0,0,-79014.5978,0,0,0,0,0,0,0,45.75
6/30/2017,BLL_1733,0,13617.65178,0,3336.835096,0,0,-79950.04017,0,0,0,0,0,0,0,45.83333333
6/30/2017,BLL_1733,0,13851.01027,0,2515.76233,0,0,-80048.01315,0,0,0,0,0,0,0,45.91666667
6/30/2017,BLL_1733,0,13617.75538,0,-78.10057621,0,0,-80430.51879,0,0,0,0,0,0,0,46
6/30/2017,BLL_1733,0,13389.03282,0,-73.89670291,0,0,-80807.93223,0,0,0,0,0,0,0,46.08333333
6/30/2017,BLL_1733,0,13164.73966,0,-69.82823219,0,0,-81180.58755,0,0,0,0,0,0,0,46.16666667
6/30/2017,BLL_1733,0,12944.77403,0,-64.79901354,0,0,-81548.43449,0,0,0,0,0,0,0,46.25
6/30/2017,BLL_1733,0,12729.03778,0,-53.47317762,0,0,-81911.73784,0,0,0,0,0,0,0,46.33333333
6/30/2017,BLL_1733,0,12517.43565,0,-43.17954635,0,0,-82269.40432,0,0,0,0,0,0,0,46.41666667
6/30/2017,BLL_1733,0,12309.87492,0,-37.95517793,0,0,-82621.85765,0,0,0,0,0,0,0,46.5
6/30/2017,BLL_1733,0,12106.26556,0,-32.91473519,0,0,-82970.05878,0,0,0,0,0,0,0,46.58333333
6/30/2017,BLL_1733,0,11906.51994,0,-28.0526872,0,0,-83314.21549,0,0,0,0,0,0,0,46.66666667
6/30/2017,BLL_1733,0,11853.99382,0,498.8053605,0,0,-83766.15977,0,0,0,0,0,0,0,46.75
6/30/2017,BLL_1733,0,12372.73635,0,3403.71363,0,0,-84688.6639,0,0,0,0,0,0,0,46.83333333
6/30/2017,BLL_1733,0,12938.65829,0,2618.447555,0,0,-85638.4098,0,0,0,0,0,0,0,46.91666667
6/30/2017,BLL_1733,0,12719.42236,0,-80.96699353,0,0,-86073.18845,0,0,0,0,0,0,0,47
6/30/2017,BLL_1733,0,12504.49567,0,-76.58986793,0,0,-86502.44653,0,0,0,0,0,0,0,47.08333333
6/30/2017,BLL_1733,0,12293.77722,0,-72.3539213,0,0,-86926.31681,0,0,0,0,0,0,0,47.16666667
6/30/2017,BLL_1733,0,12087.16997,0,-67.07024226,0,0,-87344.69579,0,0,0,0,0,0,0,47.25
6/30/2017,BLL_1733,0,11884.57978,0,-55.36737506,0,0,-87757.84463,0,0,0,0,0,0,0,47.33333333
6/30/2017,BLL_1733,0,11685.91522,0,-44.72205958,0,0,-88164.52481,0,0,0,0,0,0,0,47.41666667
6/30/2017,BLL_1733,0,11491.08791,0,-39.29916241,0,0,-88565.20096,0,0,0,0,0,0,0,47.5
6/30/2017,BLL_1733,0,11300.0113,0,-34.06802184,0,0,-88960.92336,0,0,0,0,0,0,0,47.58333333
6/30/2017,BLL_1733,0,11112.60116,0,-29.02291122,0,0,-89351.92366,0,0,0,0,0,0,0,47.66666667
6/30/2017,BLL_1733,0,11054.82665,0,516.9060021,0,0,-89839.71832,0,0,0,0,0,0,0,47.75
6/30/2017,BLL_1733,0,11549.5231,0,3474.418596,0,0,-90879.8501,0,0,0,0,0,0,0,47.83333333
6/30/2017,BLL_1733,0,11309.24905,0,1250.993146,0,0,-91412.37163,0,0,0,0,0,0,0,47.91666667
6/30/2017,BLL_1733,0,11118.35655,0,-65.22285224,0,0,-91897.58174,0,0,0,0,0,0,0,48
6/30/2017,BLL_1733,0,10931.25983,0,-61.70996417,0,0,-92376.55446,0,0,0,0,0,0,0,48.08333333
6/30/2017,BLL_1733,0,10747.86729,0,-58.31109167,0,0,-92849.34772,0,0,0,0,0,0,0,48.16666667
6/30/2017,BLL_1733,0,10568.09147,0,-53.80582513,0,0,-93315.91519,0,0,0,0,0,0,0,48.25
6/30/2017,BLL_1733,0,10391.84767,0,-42.74423026,0,0,-93776.61259,0,0,0,0,0,0,0,48.33333333
6/30/2017,BLL_1733,0,10219.05359,0,-35.63082674,0,0,-94230.03928,0,0,0,0,0,0,0,48.41666667
6/30/2017,BLL_1733,0,10049.6294,0,-31.261319,0,0,-94676.7813,0,0,0,0,0,0,0,48.5
6/30/2017,BLL_1733,0,9883.497535,0,-27.04679376,0,0,-95117.90517,0,0,0,0,0,0,0,48.58333333
6/30/2017,BLL_1733,0,9720.582557,0,-22.98257707,0,0,-95553.68243,0,0,0,0,0,0,0,48.66666667
6/30/2017,BLL_1733,0,9685.587595,0,543.6770797,0,0,-96078.9681,0,0,0,0,0,0,0,48.75
6/30/2017,BLL_1733,0,10099.15634,0,3450.552176,0,0,-96798.64031,0,0,0,0,0,0,0,48.83333333
6/30/2017,BLL_1733,0,10490.66925,0,1385.970542,0,0,-96378.88263,0,0,0,0,0,0,0,48.91666667
6/30/2017,BLL_1733,0,10313.27434,0,-67.16652954,0,0,-96925.04093,0,0,0,0,0,0,0,49
6/30/2017,BLL_1733,0,10139.43469,0,-63.50609141,0,0,-97464.21184,0,0,0,0,0,0,0,49.08333333
6/30/2017,BLL_1733,0,9969.065208,0,-59.9634896,0,0,-97996.45127,0,0,0,0,0,0,0,49.16666667
6/30/2017,BLL_1733,0,9802.083326,0,-55.27430332,0,0,-98521.61364,0,0,0,0,0,0,0,49.25
6/30/2017,BLL_1733,0,9638.408922,0,-44.15135906,0,0,-99040.00949,0,0,0,0,0,0,0,49.33333333
6/30/2017,BLL_1733,0,9477.964187,0,-36.66369596,0,0,-99550.18904,0,0,0,0,0,0,0,49.41666667
6/30/2017,BLL_1733,0,9320.67354,0,-32.13906987,0,0,-100052.7727,0,0,0,0,0,0,0,49.5
6/30/2017,BLL_1733,0,9166.463548,0,-27.77392508,0,0,-100548.9539,0,0,0,0,0,0,0,49.58333333
6/30/2017,BLL_1733,0,9015.262854,0,-23.56352438,0,0,-101039.0041,0,0,0,0,0,0,0,49.66666667
6/30/2017,BLL_1733,0,8983.143902,0,558.2758962,0,0,-101611.0726,0,0,0,0,0,0,0,49.75
6/30/2017,BLL_1733,0,9376.368134,0,3463.765332,0,0,-102387.9959,0,0,0,0,0,0,0,49.83333333
6/30/2017,BLL_1733,0,9645.071533,0,1318.021952,0,0,-103207.6557,0,0,0,0,0,0,0,49.91666667
6/30/2017,BLL_1733,0,9481.636721,0,-66.59344894,0,0,-103737.8465,0,0,0,0,0,0,0,50
